109,150,119,119,Relaxed
108,149,119,119,Relaxed
107,150,119,119,Relaxed
107,152,116,116,Relaxed
103,150,121,121,Relaxed
103,150,121,121,Relaxed
102,149,123,123,Relaxed
102,149,123,123,Relaxed
102,149,123,123,Relaxed
102,149,123,123,Relaxed
103,150,121,121,Relaxed
103,150,121,121,Relaxed
102,150,122,122,Relaxed
102,150,122,122,Relaxed
102,151,121,121,Relaxed
102,151,121,121,Relaxed
103,150,121,121,Relaxed
103,150,121,121,Relaxed
103,149,121,121,Relaxed
103,149,121,121,Relaxed
103,151,120,120,Relaxed
103,151,120,120,Relaxed
102,149,122,122,Relaxed
102,149,122,122,Relaxed
103,149,122,122,Relaxed
103,149,122,122,Relaxed
102,149,122,122,Relaxed
102,149,122,122,Relaxed
102,151,121,121,Relaxed
102,151,121,121,Relaxed
102,149,122,122,Relaxed
102,149,122,122,Relaxed
101,149,123,123,Relaxed
101,149,123,123,Relaxed
104,149,121,121,Relaxed
104,149,121,121,Relaxed
104,149,121,121,Relaxed
104,149,121,121,Relaxed
103,149,121,121,Relaxed
103,149,121,121,Relaxed
103,150,122,122,Relaxed
103,150,122,122,Relaxed
104,148,121,121,Relaxed
104,148,121,121,Relaxed
103,150,122,122,Relaxed
103,150,122,122,Relaxed
103,149,122,122,Relaxed
103,149,122,122,Relaxed
104,149,121,121,Relaxed
103,147,122,122,Relaxed
103,147,122,122,Relaxed
104,149,121,121,Relaxed
104,149,121,121,Relaxed
104,149,121,121,Relaxed
105,148,121,121,Relaxed
105,148,121,121,Relaxed
104,148,123,123,Relaxed
104,148,123,123,Relaxed
103,148,123,123,Relaxed
103,148,123,123,Relaxed
104,150,120,120,Relaxed
105,150,119,119,Relaxed
105,150,119,119,Relaxed
107,148,119,119,Relaxed
107,148,119,119,Relaxed
107,148,119,119,Relaxed
107,148,119,119,Relaxed
108,148,119,119,Relaxed
108,148,119,119,Relaxed
108,149,120,120,Relaxed
108,149,120,120,Relaxed
109,149,119,119,Relaxed
109,149,119,119,Relaxed
109,149,119,119,Relaxed
109,149,119,119,Relaxed
108,150,118,118,Relaxed
108,150,118,118,Relaxed
111,149,117,117,Relaxed
111,149,117,117,Relaxed
106,147,122,122,Relaxed
106,147,122,122,Relaxed
108,149,120,120,Relaxed
108,149,120,120,Relaxed
108,149,119,119,Relaxed
108,149,119,119,Relaxed
107,148,121,121,Relaxed
107,148,121,121,Relaxed
110,148,117,117,Relaxed
110,148,117,117,Relaxed
110,149,117,117,Relaxed
110,149,117,117,Relaxed
107,148,119,119,Relaxed
107,148,119,119,Relaxed
109,149,118,118,Relaxed
109,149,118,118,Relaxed
108,148,120,120,Relaxed
108,148,120,120,Relaxed
108,148,121,121,Relaxed
108,148,121,121,Relaxed
109,148,119,119,Relaxed
109,148,119,119,Relaxed
106,147,122,122,Relaxed
106,147,122,122,Relaxed
107,148,120,120,Relaxed
107,148,120,120,Relaxed
107,148,120,120,Relaxed
107,148,120,120,Relaxed
107,148,120,120,Relaxed
107,148,120,120,Relaxed
107,147,121,121,Relaxed
107,147,121,121,Relaxed
107,148,121,121,Relaxed
107,148,121,121,Relaxed
108,148,118,118,Relaxed
108,148,118,118,Relaxed
106,148,120,120,Relaxed
106,148,120,120,Relaxed
108,148,118,118,Relaxed
108,148,118,118,Relaxed
107,148,118,118,Relaxed
105,148,118,118,Relaxed
105,148,118,118,Relaxed
104,147,118,118,Relaxed
104,147,118,118,Relaxed
104,147,120,120,Relaxed
104,147,120,120,Relaxed
104,147,120,120,Relaxed
103,147,119,119,Relaxed
106,147,120,120,Relaxed
107,147,118,118,Relaxed
107,147,118,118,Relaxed
108,148,118,118,Relaxed
108,148,118,118,Relaxed
108,148,119,119,Relaxed
108,148,119,119,Relaxed
106,147,120,120,Relaxed
106,147,120,120,Relaxed
109,148,118,118,Relaxed
109,148,118,118,Relaxed
108,148,118,118,Relaxed
108,148,118,118,Relaxed
107,148,118,118,Relaxed
107,148,118,118,Relaxed
107,147,119,119,Relaxed
107,147,119,119,Relaxed
107,148,120,120,Relaxed
107,148,120,120,Relaxed
109,149,117,117,Relaxed
109,149,117,117,Relaxed
108,148,117,117,Relaxed
108,148,117,117,Relaxed
108,148,118,118,Relaxed
108,148,118,118,Relaxed
108,149,117,117,Relaxed
108,149,117,117,Relaxed
107,147,119,119,Relaxed
107,147,119,119,Relaxed
107,148,119,119,Relaxed
107,148,119,119,Relaxed
105,147,120,120,Relaxed
105,147,120,120,Relaxed
106,146,119,119,Relaxed
106,146,119,119,Relaxed
106,146,119,119,Relaxed
106,146,119,119,Relaxed
107,147,119,119,Relaxed
107,147,119,119,Relaxed
107,147,119,119,Relaxed
107,147,119,119,Relaxed
107,147,118,118,Relaxed
107,147,118,118,Relaxed
106,147,118,118,Relaxed
106,147,118,118,Relaxed
106,147,117,117,Relaxed
106,147,117,117,Relaxed
105,146,120,120,Relaxed
105,146,120,120,Relaxed
106,147,118,118,Relaxed
104,146,120,120,Relaxed
104,146,120,120,Relaxed
103,146,120,120,Relaxed
103,146,120,120,Relaxed
102,145,121,121,Relaxed
102,145,121,121,Relaxed
102,145,121,121,Relaxed
103,145,120,120,Relaxed
103,145,120,120,Relaxed
103,146,121,121,Relaxed
103,146,121,121,Relaxed
107,147,118,118,Relaxed
105,146,118,118,Relaxed
105,146,118,118,Relaxed
106,147,118,118,Relaxed
106,147,118,118,Relaxed
106,147,119,119,Relaxed
106,147,119,119,Relaxed
106,146,119,119,Relaxed
106,146,119,119,Relaxed
105,145,120,120,Relaxed
105,145,120,120,Relaxed
103,145,120,120,Relaxed
103,145,120,120,Relaxed
102,145,122,122,Relaxed
102,145,122,122,Relaxed
106,146,119,119,Relaxed
106,146,119,119,Relaxed
107,146,118,118,Relaxed
107,146,118,118,Relaxed
106,146,119,119,Relaxed
106,146,119,119,Relaxed
106,147,120,120,Relaxed
106,147,120,120,Relaxed
107,147,118,118,Relaxed
107,147,118,118,Relaxed
105,147,120,120,Relaxed
105,147,120,120,Relaxed
105,146,120,120,Relaxed
105,146,120,120,Relaxed
107,147,119,119,Relaxed
107,147,119,119,Relaxed
105,146,121,121,Relaxed
105,146,121,121,Relaxed
104,146,121,121,Relaxed
104,146,121,121,Relaxed
105,146,118,118,Relaxed
105,146,118,118,Relaxed
107,147,118,118,Relaxed
107,147,118,118,Relaxed
105,146,119,119,Relaxed
105,146,119,119,Relaxed
106,146,119,119,Relaxed
106,146,119,119,Relaxed
104,146,119,119,Relaxed
104,146,119,119,Relaxed
103,146,120,120,Relaxed
103,146,120,120,Relaxed
103,145,121,121,Relaxed
103,145,120,120,Relaxed
103,145,120,120,Relaxed
103,145,120,120,Relaxed
103,146,121,121,Relaxed
103,146,121,121,Relaxed
101,145,123,123,Relaxed
101,145,123,123,Relaxed
102,146,120,120,Relaxed
102,146,120,120,Relaxed
102,144,121,121,Relaxed
102,144,121,121,Relaxed
102,147,122,122,Relaxed
101,145,122,122,Relaxed
101,145,122,122,Relaxed
102,145,122,122,Relaxed
102,145,122,122,Relaxed
101,146,121,121,Relaxed
101,146,121,121,Relaxed
100,145,124,124,Relaxed
100,145,124,124,Relaxed
101,145,121,121,Relaxed
101,145,121,121,Relaxed
101,145,121,121,Relaxed
102,146,120,120,Relaxed
100,146,123,123,Relaxed
100,146,123,123,Relaxed
101,146,122,122,Relaxed
101,146,122,122,Relaxed
101,145,121,121,Relaxed
101,145,121,121,Relaxed
101,146,122,122,Relaxed
101,146,122,122,Relaxed
104,148,118,118,Relaxed
104,148,118,118,Relaxed
100,148,122,122,Relaxed
100,148,122,122,Relaxed
95,149,125,125,Relaxed
95,149,125,125,Relaxed
93,149,126,126,Relaxed
93,149,126,126,Relaxed
94,152,124,124,Relaxed
94,152,124,124,Relaxed
93,151,126,126,Relaxed
93,151,126,126,Relaxed
91,151,125,125,Relaxed
91,151,125,125,Relaxed
86,150,126,126,Relaxed
86,150,126,126,Relaxed
81,150,127,127,Relaxed
81,150,127,127,Relaxed
75,149,130,130,Relaxed
75,149,130,130,Relaxed
76,151,125,125,Relaxed
76,151,125,125,Relaxed
72,153,127,127,Relaxed
72,153,127,127,Relaxed
72,154,126,126,Relaxed
72,154,126,126,Relaxed
71,155,125,125,Relaxed
71,155,125,125,Relaxed
72,155,125,125,Relaxed
72,155,125,125,Relaxed
72,153,128,128,Relaxed
72,153,128,128,Relaxed
75,155,125,125,Relaxed
75,155,125,125,Relaxed
75,157,123,123,Relaxed
75,157,123,123,Relaxed
74,155,129,129,Relaxed
74,155,129,129,Relaxed
75,153,126,126,Relaxed
75,153,126,126,Relaxed
74,151,128,128,Relaxed
77,149,129,129,Relaxed
77,149,129,129,Relaxed
77,149,129,129,Relaxed
78,148,128,128,Relaxed
78,148,128,128,Relaxed
83,146,125,125,Relaxed
83,146,125,125,Relaxed
92,145,117,117,Relaxed
92,145,117,117,Relaxed
94,142,119,119,Relaxed
94,142,119,119,Relaxed
98,138,117,117,Relaxed
98,131,128,128,Relaxed
98,131,128,128,Relaxed
106,130,122,122,Relaxed
106,130,122,122,Relaxed
115,131,118,118,Relaxed
115,131,118,118,Relaxed
125,132,115,115,Relaxed
125,132,115,115,Relaxed
127,131,127,127,Relaxed
127,131,127,127,Relaxed
127,131,127,127,Relaxed
134,135,119,119,Relaxed
142,140,112,112,Relaxed
142,140,112,112,Relaxed
145,138,114,114,Relaxed
145,138,114,114,Relaxed
148,140,115,115,Relaxed
148,140,115,115,Relaxed
152,146,108,108,Relaxed
152,146,108,108,Relaxed
152,144,114,114,Relaxed
152,144,114,114,Relaxed
156,146,111,111,Relaxed
156,146,111,111,Relaxed
151,144,114,114,Relaxed
151,144,114,114,Relaxed
151,145,114,114,Relaxed
151,145,114,114,Relaxed
152,142,117,117,Relaxed
152,142,117,117,Relaxed
153,142,116,116,Relaxed
153,142,116,116,Relaxed
155,139,122,122,Relaxed
155,139,122,122,Relaxed
155,138,121,121,Relaxed
155,138,121,121,Relaxed
154,139,123,123,Relaxed
154,139,123,123,Relaxed
158,140,122,122,Relaxed
158,140,122,122,Relaxed
160,138,123,123,Relaxed
160,138,123,123,Relaxed
160,138,122,122,Relaxed
160,138,122,122,Relaxed
157,138,124,124,Relaxed
157,138,124,124,Relaxed
161,138,125,125,Relaxed
161,138,125,125,Relaxed
163,140,121,121,Relaxed
163,140,121,121,Relaxed
161,144,117,117,Relaxed
161,144,117,117,Relaxed
153,140,123,123,Relaxed
153,140,123,123,Relaxed
150,142,121,121,Relaxed
150,142,121,121,Relaxed
144,142,120,120,Relaxed
144,142,120,120,Relaxed
141,143,119,119,Relaxed
137,145,120,120,Relaxed
137,145,120,120,Relaxed
133,146,119,119,Relaxed
133,146,119,119,Relaxed
133,146,119,119,Relaxed
127,143,123,123,Relaxed
127,143,123,123,Relaxed
127,146,119,119,Relaxed
127,146,119,119,Relaxed
123,147,121,121,Relaxed
123,147,121,121,Relaxed
120,147,123,123,Relaxed
119,148,122,122,Relaxed
119,148,122,122,Relaxed
115,147,123,123,Relaxed
115,147,123,123,Relaxed
113,150,121,121,Relaxed
113,150,121,121,Relaxed
108,151,122,122,Relaxed
108,151,122,122,Relaxed
106,149,124,124,Relaxed
106,149,124,124,Relaxed
103,149,124,124,Relaxed
103,149,124,124,Relaxed
104,153,118,118,Relaxed
104,153,118,118,Relaxed
103,151,119,119,Relaxed
103,151,119,119,Relaxed
101,150,120,120,Relaxed
101,150,120,120,Relaxed
99,151,119,119,Relaxed
99,151,119,119,Relaxed
98,150,120,120,Relaxed
98,150,120,120,Relaxed
94,151,121,121,Relaxed
94,151,121,121,Relaxed
94,149,122,122,Relaxed
94,149,122,122,Relaxed
92,151,122,122,Relaxed
92,151,122,122,Relaxed
89,152,125,125,Relaxed
89,152,125,125,Relaxed
87,153,124,124,Relaxed
87,153,124,124,Relaxed
83,152,126,126,Relaxed
83,152,126,126,Relaxed
85,152,125,125,Relaxed
85,152,125,125,Relaxed
84,151,124,124,Relaxed
84,151,124,124,Relaxed
84,152,121,121,Relaxed
84,152,121,121,Relaxed
83,152,122,122,Relaxed
83,152,122,122,Relaxed
83,153,121,121,Relaxed
83,153,121,121,Relaxed
84,150,122,122,Relaxed
84,150,122,122,Relaxed
86,153,121,121,Relaxed
86,153,121,121,Relaxed
85,152,126,126,Relaxed
85,152,126,126,Relaxed
87,153,126,126,Relaxed
87,153,126,126,Relaxed
89,152,125,125,Relaxed
89,152,125,125,Relaxed
91,152,122,122,Relaxed
91,152,122,122,Relaxed
93,149,123,123,Relaxed
93,149,123,123,Relaxed
97,151,121,121,Relaxed
97,151,121,121,Relaxed
98,149,124,124,Relaxed
100,148,123,123,Relaxed
100,148,123,123,Relaxed
104,150,123,123,Relaxed
104,150,123,123,Relaxed
104,150,123,123,Relaxed
106,149,119,119,Relaxed
106,149,119,119,Relaxed
108,150,119,119,Relaxed
108,150,119,119,Relaxed
104,148,125,125,Relaxed
104,148,125,125,Relaxed
106,148,125,125,Relaxed
109,149,122,122,Relaxed
109,149,122,122,Relaxed
111,149,121,121,Relaxed
111,149,121,121,Relaxed
114,150,121,121,Relaxed
114,150,121,121,Relaxed
113,150,122,122,Relaxed
113,150,122,122,Relaxed
113,147,124,124,Relaxed
113,147,124,124,Relaxed
116,149,120,120,Relaxed
116,149,120,120,Relaxed
116,148,121,121,Relaxed
116,148,121,121,Relaxed
117,148,123,123,Relaxed
117,148,123,123,Relaxed
117,147,122,122,Relaxed
117,147,122,122,Relaxed
119,147,122,122,Relaxed
119,147,122,122,Relaxed
116,146,126,126,Relaxed
116,146,126,126,Relaxed
117,148,124,124,Relaxed
117,148,124,124,Relaxed
120,148,121,121,Relaxed
120,148,121,121,Relaxed
119,146,124,124,Relaxed
119,146,124,124,Relaxed
123,147,121,121,Relaxed
123,147,121,121,Relaxed
121,145,125,125,Relaxed
121,145,125,125,Relaxed
123,146,123,123,Relaxed
123,146,123,123,Relaxed
125,145,119,119,Relaxed
125,145,119,119,Relaxed
125,144,121,121,Relaxed
125,144,121,121,Relaxed
130,146,116,116,Relaxed
130,146,116,116,Relaxed
130,148,116,116,Relaxed
130,148,116,116,Relaxed
130,146,116,116,Relaxed
130,146,116,116,Relaxed
132,147,114,114,Relaxed
132,147,114,114,Relaxed
134,145,115,115,Relaxed
134,145,115,115,Relaxed
131,144,119,119,Relaxed
131,144,119,119,Relaxed
131,145,119,119,Relaxed
131,145,119,119,Relaxed
134,145,118,118,Relaxed
134,145,118,118,Relaxed
136,145,115,115,Relaxed
136,145,115,115,Relaxed
134,144,120,120,Relaxed
134,144,120,120,Relaxed
137,145,118,118,Relaxed
137,145,118,118,Relaxed
137,145,118,118,Relaxed
139,145,117,117,Relaxed
139,145,117,117,Relaxed
137,144,118,118,Relaxed
137,144,118,118,Relaxed
137,144,118,118,Relaxed
136,145,118,118,Relaxed
136,145,118,118,Relaxed
134,146,117,117,Relaxed
134,146,117,117,Relaxed
135,147,115,115,Relaxed
135,148,114,114,Relaxed
135,148,114,114,Relaxed
135,148,115,115,Relaxed
135,148,115,115,Relaxed
134,146,116,116,Relaxed
134,146,116,116,Relaxed
132,144,119,119,Relaxed
132,144,119,119,Relaxed
132,144,119,119,Relaxed
132,144,119,119,Relaxed
132,145,119,119,Relaxed
132,145,119,119,Relaxed
132,144,119,119,Relaxed
132,144,119,119,Relaxed
134,146,115,115,Relaxed
134,146,115,115,Relaxed
131,146,117,117,Relaxed
131,146,117,117,Relaxed
127,146,119,119,Relaxed
127,146,119,119,Relaxed
127,146,119,119,Relaxed
127,146,119,119,Relaxed
125,145,121,121,Relaxed
125,145,121,121,Relaxed
123,147,122,122,Relaxed
123,147,122,122,Relaxed
121,147,122,122,Relaxed
121,147,122,122,Relaxed
117,146,124,124,Relaxed
117,146,124,124,Relaxed
118,146,121,121,Relaxed
118,146,121,121,Relaxed
119,148,118,118,Relaxed
119,148,118,118,Relaxed
113,149,118,118,Relaxed
113,149,118,118,Relaxed
107,148,122,122,Relaxed
107,148,122,122,Relaxed
109,148,119,119,Relaxed
109,148,119,119,Relaxed
109,150,115,115,Relaxed
109,150,115,115,Relaxed
108,150,110,110,Relaxed
108,150,110,110,Relaxed
104,148,116,116,Relaxed
104,148,116,116,Relaxed
102,148,118,118,Relaxed
102,148,118,118,Relaxed
97,145,123,123,Relaxed
97,145,123,123,Relaxed
95,146,120,120,Relaxed
95,146,120,120,Relaxed
94,146,122,122,Relaxed
94,146,122,122,Relaxed
89,146,123,123,Relaxed
89,146,123,123,Relaxed
86,147,122,122,Relaxed
86,147,122,122,Relaxed
88,151,116,116,Relaxed
88,151,116,116,Relaxed
86,153,119,119,Relaxed
83,151,123,123,Relaxed
83,151,123,123,Relaxed
84,152,121,121,Relaxed
84,152,121,121,Relaxed
83,152,122,122,Relaxed
83,152,122,122,Relaxed
83,152,122,122,Relaxed
84,151,121,121,Relaxed
84,151,121,121,Relaxed
86,152,119,119,Relaxed
86,152,119,119,Relaxed
90,155,113,113,Relaxed
90,155,113,113,Relaxed
90,155,113,113,Relaxed
88,151,117,117,Relaxed
88,151,117,117,Relaxed
88,149,118,118,Relaxed
88,149,118,118,Relaxed
88,147,119,119,Relaxed
88,147,119,119,Relaxed
86,147,121,121,Relaxed
86,147,121,121,Relaxed
87,148,123,123,Relaxed
87,148,123,123,Relaxed
98,151,115,115,Relaxed
98,151,115,115,Relaxed
97,148,119,119,Relaxed
97,148,119,119,Relaxed
93,148,123,123,Relaxed
93,148,123,123,Relaxed
94,149,122,122,Relaxed
94,149,122,122,Relaxed
99,149,119,119,Relaxed
99,149,119,119,Relaxed
99,147,120,120,Relaxed
99,147,120,120,Relaxed
108,153,114,114,Relaxed
108,153,114,114,Relaxed
107,149,119,119,Relaxed
107,149,119,119,Relaxed
111,149,117,117,Relaxed
111,149,117,117,Relaxed
113,148,120,120,Relaxed
113,148,120,120,Relaxed
113,148,120,120,Relaxed
113,148,120,120,Relaxed
118,146,119,119,Relaxed
118,146,119,119,Relaxed
118,144,122,122,Relaxed
118,144,122,122,Relaxed
117,146,122,122,Relaxed
117,146,122,122,Relaxed
113,147,122,122,Relaxed
113,147,122,122,Relaxed
114,146,124,124,Relaxed
114,146,124,124,Relaxed
114,146,123,123,Relaxed
114,146,123,123,Relaxed
116,142,122,122,Relaxed
117,142,122,122,Relaxed
117,142,122,122,Relaxed
117,142,122,122,Relaxed
119,142,123,123,Relaxed
119,142,123,123,Relaxed
119,145,123,123,Relaxed
119,145,123,123,Relaxed
119,141,124,124,Relaxed
119,141,124,124,Relaxed
119,141,123,123,Relaxed
119,141,123,123,Relaxed
117,139,123,123,Relaxed
114,136,126,126,Relaxed
114,136,126,126,Relaxed
114,136,123,123,Relaxed
114,136,123,123,Relaxed
114,133,122,122,Relaxed
114,133,122,122,Relaxed
115,130,121,121,Relaxed
115,130,121,121,Relaxed
115,130,121,121,Relaxed
118,133,116,116,Relaxed
118,133,116,116,Relaxed
117,131,117,117,Relaxed
119,128,120,120,Relaxed
119,128,120,120,Relaxed
118,130,119,119,Relaxed
118,130,119,119,Relaxed
120,131,114,114,Relaxed
120,131,114,114,Relaxed
120,132,111,111,Relaxed
120,132,111,111,Relaxed
117,131,109,109,Relaxed
117,131,109,109,Relaxed
115,130,114,114,Relaxed
115,130,114,114,Relaxed
111,128,113,113,Relaxed
111,128,113,113,Relaxed
111,133,109,109,Relaxed
111,133,109,109,Relaxed
108,131,114,114,Relaxed
108,131,114,114,Relaxed
103,132,120,120,Relaxed
103,132,120,120,Relaxed
105,131,120,120,Relaxed
105,131,120,120,Relaxed
104,131,121,121,Relaxed
104,131,121,121,Relaxed
109,128,122,122,Relaxed
109,128,122,122,Relaxed
112,128,122,122,Relaxed
112,128,122,122,Relaxed
115,130,126,126,Relaxed
115,130,126,126,Relaxed
116,129,135,135,Relaxed
116,129,135,135,Relaxed
124,132,128,128,Relaxed
124,132,128,128,Relaxed
128,134,127,127,Relaxed
128,134,127,127,Relaxed
125,133,132,132,Relaxed
125,133,132,132,Relaxed
123,134,131,131,Relaxed
123,134,131,131,Relaxed
118,129,138,138,Relaxed
118,129,138,138,Relaxed
115,131,131,131,Relaxed
115,131,131,131,Relaxed
111,131,131,131,Relaxed
111,131,131,131,Relaxed
111,132,128,128,Relaxed
111,132,128,128,Relaxed
112,136,124,124,Relaxed
108,134,124,124,Relaxed
108,134,124,124,Relaxed
108,134,124,124,Relaxed
108,136,123,123,Relaxed
108,136,123,123,Relaxed
106,136,121,121,Relaxed
106,136,121,121,Relaxed
105,136,122,122,Relaxed
105,136,122,122,Relaxed
105,136,122,122,Relaxed
105,136,122,122,Relaxed
104,137,124,124,Relaxed
109,142,118,118,Relaxed
109,142,118,118,Relaxed
105,139,117,117,Relaxed
105,139,117,117,Relaxed
106,142,115,115,Relaxed
106,142,115,115,Relaxed
106,142,114,114,Relaxed
106,142,114,114,Relaxed
106,142,114,114,Relaxed
103,142,114,114,Relaxed
103,142,114,114,Relaxed
102,141,115,115,Relaxed
101,142,116,116,Relaxed
101,142,116,116,Relaxed
101,140,119,119,Relaxed
101,140,119,119,Relaxed
103,139,119,119,Relaxed
103,139,119,119,Relaxed
101,138,118,118,Relaxed
101,138,118,118,Relaxed
103,138,117,117,Relaxed
103,138,117,117,Relaxed
101,138,118,118,Relaxed
101,138,118,118,Relaxed
101,139,120,120,Relaxed
101,139,120,120,Relaxed
104,142,118,118,Relaxed
104,142,118,118,Relaxed
104,141,120,120,Relaxed
104,141,120,120,Relaxed
105,142,117,117,Relaxed
105,142,117,117,Relaxed
106,143,117,117,Relaxed
106,143,117,117,Relaxed
107,143,116,116,Relaxed
107,143,116,116,Relaxed
107,143,116,116,Relaxed
107,143,116,116,Relaxed
107,141,117,117,Relaxed
107,141,117,117,Relaxed
106,138,121,121,Relaxed
106,138,121,121,Relaxed
107,138,121,121,Relaxed
107,138,121,121,Relaxed
109,139,119,119,Relaxed
109,139,119,119,Relaxed
111,138,122,122,Relaxed
111,138,122,122,Relaxed
111,139,120,120,Relaxed
111,139,120,120,Relaxed
115,143,116,116,Relaxed
115,143,116,116,Relaxed
116,143,118,118,Relaxed
116,143,118,118,Relaxed
116,143,122,122,Relaxed
116,143,122,122,Relaxed
118,142,122,122,Relaxed
118,142,122,122,Relaxed
118,140,121,121,Relaxed
115,141,123,123,Relaxed
115,141,123,123,Relaxed
113,141,124,124,Relaxed
113,141,124,124,Relaxed
113,141,124,124,Relaxed
113,141,124,124,Relaxed
113,141,124,124,Relaxed
115,139,122,122,Relaxed
115,139,122,122,Relaxed
119,139,120,120,Relaxed
119,139,120,120,Relaxed
118,139,119,119,Relaxed
119,140,119,119,Relaxed
119,140,119,119,Relaxed
119,140,118,118,Relaxed
119,140,118,118,Relaxed
118,140,119,119,Relaxed
118,140,119,119,Relaxed
118,141,118,118,Relaxed
118,141,118,118,Relaxed
117,140,120,120,Relaxed
117,140,120,120,Relaxed
117,140,120,120,Relaxed
116,139,120,120,Relaxed
116,138,121,121,Relaxed
116,138,121,121,Relaxed
116,138,123,123,Relaxed
116,138,123,123,Relaxed
115,138,123,123,Relaxed
115,138,123,123,Relaxed
116,140,121,121,Relaxed
116,140,121,121,Relaxed
117,138,121,121,Relaxed
117,138,121,121,Relaxed
119,137,121,121,Relaxed
119,137,121,121,Relaxed
116,137,124,124,Relaxed
116,137,124,124,Relaxed
116,137,122,122,Relaxed
116,137,122,122,Relaxed
117,138,119,119,Relaxed
117,138,119,119,Relaxed
115,138,120,120,Relaxed
115,138,120,120,Relaxed
110,137,123,123,Relaxed
110,137,123,123,Relaxed
109,140,121,121,Relaxed
109,140,121,121,Relaxed
107,139,119,119,Relaxed
107,139,119,119,Relaxed
105,140,121,121,Relaxed
105,140,121,121,Relaxed
102,142,119,119,Relaxed
102,142,119,119,Relaxed
96,141,125,125,Relaxed
96,141,125,125,Relaxed
96,143,123,123,Relaxed
96,143,123,123,Relaxed
92,149,118,118,Relaxed
92,149,118,118,Relaxed
82,148,125,125,Relaxed
82,148,125,125,Relaxed
80,151,125,125,Relaxed
80,151,125,125,Relaxed
78,150,126,126,Relaxed
78,150,126,126,Relaxed
78,151,124,124,Relaxed
78,151,124,124,Relaxed
79,151,123,123,Relaxed
79,151,123,123,Relaxed
81,152,122,122,Relaxed
81,152,122,122,Relaxed
81,152,123,123,Relaxed
80,150,123,123,Relaxed
80,150,123,123,Relaxed
80,150,124,124,Relaxed
80,150,124,124,Relaxed
80,149,125,125,Relaxed
80,149,125,125,Relaxed
80,149,125,125,Relaxed
80,149,125,125,Relaxed
80,148,125,125,Relaxed
84,148,123,123,Relaxed
84,148,123,123,Relaxed
88,148,121,121,Relaxed
88,148,121,121,Relaxed
94,147,119,119,Relaxed
94,147,119,119,Relaxed
98,145,121,121,Relaxed
98,145,121,121,Relaxed
104,144,121,121,Relaxed
104,144,121,121,Relaxed
104,144,121,121,Relaxed
109,140,123,123,Relaxed
116,140,119,119,Relaxed
116,140,119,119,Relaxed
116,137,128,128,Relaxed
116,137,128,128,Relaxed
124,140,120,120,Relaxed
124,140,120,120,Relaxed
130,140,120,120,Relaxed
130,140,120,120,Relaxed
132,142,121,121,Relaxed
132,142,121,121,Relaxed
137,143,118,118,Relaxed
137,143,118,118,Relaxed
134,141,124,124,Relaxed
134,141,124,124,Relaxed
140,145,116,116,Relaxed
140,145,116,116,Relaxed
141,144,119,119,Relaxed
141,144,119,119,Relaxed
140,142,122,122,Relaxed
140,142,122,122,Relaxed
141,144,118,118,Relaxed
141,144,118,118,Relaxed
138,143,118,118,Relaxed
138,143,118,118,Relaxed
137,144,118,118,Relaxed
137,144,118,118,Relaxed
138,143,119,119,Relaxed
138,143,119,119,Relaxed
137,144,117,117,Relaxed
137,144,117,117,Relaxed
137,143,117,117,Relaxed
137,143,117,117,Relaxed
134,142,119,119,Relaxed
134,142,119,119,Relaxed
134,142,121,121,Relaxed
134,142,121,121,Relaxed
131,140,121,121,Relaxed
131,140,121,121,Relaxed
133,142,117,117,Relaxed
106,92,139,139,Steady
105,91,137,137,Steady
106,92,136,136,Steady
106,96,136,136,Steady
102,94,139,139,Steady
102,94,139,139,Steady
105,95,138,138,Steady
105,95,138,138,Steady
104,95,138,138,Steady
104,95,138,138,Steady
104,97,137,137,Steady
104,97,137,137,Steady
103,95,139,139,Steady
103,95,139,139,Steady
104,95,138,138,Steady
104,95,138,138,Steady
105,97,137,137,Steady
105,97,137,137,Steady
105,95,139,139,Steady
105,95,139,139,Steady
104,96,139,139,Steady
104,96,139,139,Steady
105,97,138,138,Steady
105,97,138,138,Steady
105,96,138,138,Steady
105,96,138,138,Steady
105,97,137,137,Steady
105,97,137,137,Steady
106,97,137,137,Steady
106,97,137,137,Steady
106,97,136,136,Steady
106,97,136,136,Steady
104,95,139,139,Steady
104,95,139,139,Steady
104,96,138,138,Steady
104,96,138,138,Steady
104,94,139,139,Steady
104,94,139,139,Steady
104,94,139,139,Steady
104,94,139,139,Steady
105,95,138,138,Steady
105,95,138,138,Steady
103,92,141,141,Steady
103,92,141,141,Steady
101,92,144,144,Steady
101,92,144,144,Steady
104,93,139,139,Steady
104,93,139,139,Steady
101,92,141,141,Steady
101,92,141,141,Steady
103,94,138,138,Steady
103,94,138,138,Steady
103,94,136,136,Steady
103,94,136,136,Steady
101,94,139,139,Steady
101,94,139,139,Steady
100,96,136,136,Steady
100,96,136,136,Steady
101,95,137,137,Steady
101,95,137,137,Steady
101,100,135,135,Steady
101,100,135,135,Steady
103,99,132,132,Steady
103,99,132,132,Steady
103,92,133,133,Steady
103,92,133,133,Steady
95,94,138,138,Steady
95,94,138,138,Steady
95,94,137,137,Steady
95,94,137,137,Steady
100,99,132,132,Steady
100,99,132,132,Steady
97,97,131,131,Steady
97,97,131,131,Steady
94,96,132,132,Steady
94,96,132,132,Steady
93,97,132,132,Steady
93,97,132,132,Steady
90,93,136,136,Steady
90,93,136,136,Steady
90,96,138,138,Steady
90,96,138,138,Steady
89,99,136,136,Steady
89,99,136,136,Steady
91,99,135,135,Steady
91,99,135,135,Steady
95,102,134,134,Steady
95,102,134,134,Steady
91,104,138,138,Steady
91,104,138,138,Steady
96,105,134,134,Steady
96,105,134,134,Steady
99,107,131,131,Steady
99,107,131,131,Steady
107,112,123,123,Steady
107,112,123,123,Steady
101,112,130,130,Steady
101,112,130,130,Steady
101,109,132,132,Steady
101,109,132,132,Steady
100,105,135,135,Steady
100,105,135,135,Steady
109,109,130,130,Steady
109,109,130,130,Steady
110,106,133,133,Steady
110,106,133,133,Steady
110,107,130,130,Steady
110,107,130,130,Steady
109,106,132,132,Steady
109,106,132,132,Steady
110,107,134,134,Steady
110,107,134,134,Steady
123,107,121,121,Steady
123,107,121,121,Steady
115,103,130,130,Steady
115,103,130,130,Steady
109,106,136,136,Steady
109,106,136,136,Steady
117,104,128,128,Steady
117,104,128,128,Steady
117,100,132,132,Steady
117,100,132,132,Steady
114,96,138,138,Steady
114,96,138,138,Steady
114,97,136,136,Steady
114,97,136,136,Steady
109,92,141,141,Steady
109,92,141,141,Steady
109,91,140,140,Steady
109,91,140,140,Steady
111,93,141,141,Steady
111,93,141,141,Steady
119,97,133,133,Steady
119,97,133,133,Steady
117,99,134,134,Steady
117,99,134,134,Steady
112,92,141,141,Steady
112,92,141,141,Steady
113,86,136,136,Steady
113,86,136,136,Steady
112,89,136,136,Steady
112,89,136,136,Steady
116,95,136,136,Steady
116,95,136,136,Steady
119,95,135,135,Steady
119,95,135,135,Steady
114,99,139,139,Steady
114,99,139,139,Steady
120,100,139,139,Steady
120,100,139,139,Steady
125,104,139,139,Steady
125,104,139,139,Steady
123,103,144,144,Steady
123,103,144,144,Steady
123,106,144,144,Steady
123,106,144,144,Steady
124,103,145,145,Steady
124,103,145,145,Steady
122,103,149,149,Steady
122,103,149,149,Steady
128,103,140,140,Steady
128,103,140,140,Steady
128,99,139,139,Steady
128,99,139,139,Steady
132,98,134,134,Steady
132,98,134,134,Steady
128,96,139,139,Steady
128,96,139,139,Steady
129,90,139,139,Steady
129,90,139,139,Steady
131,90,134,134,Steady
131,90,134,134,Steady
126,89,139,139,Steady
126,89,139,139,Steady
122,90,141,141,Steady
122,90,141,141,Steady
123,89,139,139,Steady
123,89,139,139,Steady
118,89,139,139,Steady
118,89,139,139,Steady
117,91,138,138,Steady
117,91,138,138,Steady
112,93,140,140,Steady
112,93,140,140,Steady
110,95,137,137,Steady
110,95,137,137,Steady
101,100,141,141,Steady
101,100,141,141,Steady
96,96,140,140,Steady
96,96,140,140,Steady
94,97,141,141,Steady
94,97,141,141,Steady
94,95,140,140,Steady
94,95,140,140,Steady
95,93,137,137,Steady
95,93,137,137,Steady
96,92,142,142,Steady
96,92,142,142,Steady
100,89,143,143,Steady
100,89,143,143,Steady
103,87,144,144,Steady
300,267,132,132,Steady
103,87,144,144,Steady
300,267,132,132,Steady
109,88,144,144,Steady
295,272,122,122,Steady
109,88,144,144,Steady
295,272,122,122,Steady
117,90,142,142,Steady
296,267,139,139,Steady
117,90,142,142,Steady
296,267,139,139,Steady
123,88,153,153,Steady
123,88,153,153,Steady
133,99,149,149,Steady
133,99,149,149,Steady
138,99,157,157,Steady
138,99,157,157,Steady
147,98,157,157,Steady
147,98,157,157,Steady
153,99,158,158,Steady
153,99,158,158,Steady
159,100,158,158,Steady
159,100,158,158,Steady
159,101,158,158,Steady
159,101,158,158,Steady
156,99,166,166,Steady
156,99,166,166,Steady
151,91,166,166,Steady
151,91,166,166,Steady
154,91,154,154,Steady
154,91,154,154,Steady
146,89,151,151,Steady
146,89,151,151,Steady
141,86,151,151,Steady
141,86,151,151,Steady
140,88,144,144,Steady
140,88,144,144,Steady
139,90,140,140,Steady
139,90,140,140,Steady
137,88,143,143,Steady
137,88,143,143,Steady
137,86,140,140,Steady
137,86,140,140,Steady
133,86,140,140,Steady
133,86,140,140,Steady
133,87,134,134,Steady
133,87,134,134,Steady
130,85,135,135,Steady
130,85,135,135,Steady
134,80,135,135,Steady
134,80,135,135,Steady
137,80,138,138,Steady
137,80,138,138,Steady
145,85,131,131,Steady
145,85,131,131,Steady
154,89,131,131,Steady
154,89,131,131,Steady
156,95,135,135,Steady
156,95,135,135,Steady
158,98,142,142,Steady
158,98,142,142,Steady
159,101,144,144,Steady
159,101,144,144,Steady
160,102,144,144,Steady
160,102,144,144,Steady
153,101,147,147,Steady
153,101,147,147,Steady
154,100,148,148,Steady
154,100,148,148,Steady
156,96,149,149,Steady
156,96,149,149,Steady
153,94,146,146,Steady
153,94,146,146,Steady
149,92,146,146,Steady
149,92,146,146,Steady
148,88,142,142,Steady
148,88,142,142,Steady
139,84,148,148,Steady
139,84,148,148,Steady
137,87,141,141,Steady
137,87,141,141,Steady
136,87,139,139,Steady
136,87,139,139,Steady
130,87,139,139,Steady
130,87,139,139,Steady
127,88,136,136,Steady
127,88,136,136,Steady
126,86,139,139,Steady
126,86,139,139,Steady
127,88,136,136,Steady
127,88,136,136,Steady
123,87,139,139,Steady
123,87,139,139,Steady
124,90,140,140,Steady
124,90,140,140,Steady
124,91,143,143,Steady
124,91,143,143,Steady
131,95,139,139,Steady
131,95,139,139,Steady
132,96,143,143,Steady
132,96,143,143,Steady
138,104,138,138,Steady
138,104,138,138,Steady
139,106,145,145,Steady
139,106,145,145,Steady
137,108,151,151,Steady
137,108,151,151,Steady
142,107,155,155,Steady
142,107,155,155,Steady
143,108,150,150,Steady
143,108,150,150,Steady
143,107,153,153,Steady
143,107,153,153,Steady
146,108,150,150,Steady
146,108,150,150,Steady
145,107,153,153,Steady
145,107,153,153,Steady
145,107,150,150,Steady
145,107,150,150,Steady
143,106,153,153,Steady
143,106,153,153,Steady
143,106,153,153,Steady
143,106,153,153,Steady
146,106,148,148,Steady
146,106,148,148,Steady
147,106,147,147,Steady
147,106,147,147,Steady
148,107,145,145,Steady
148,107,145,145,Steady
148,109,145,145,Steady
148,109,145,145,Steady
145,106,150,150,Steady
145,106,150,150,Steady
146,107,148,148,Steady
146,107,148,148,Steady
143,106,152,152,Steady
143,106,152,152,Steady
145,107,150,150,Steady
145,107,150,150,Steady
144,106,152,152,Steady
144,106,152,152,Steady
145,108,148,148,Steady
145,108,148,148,Steady
144,107,149,149,Steady
144,107,149,149,Steady
145,107,148,148,Steady
145,107,148,148,Steady
145,107,147,147,Steady
145,107,147,147,Steady
148,105,147,147,Steady
148,105,147,147,Steady
149,104,145,145,Steady
149,104,145,145,Steady
148,105,147,147,Steady
148,105,147,147,Steady
146,104,148,148,Steady
146,104,148,148,Steady
148,104,145,145,Steady
148,104,145,145,Steady
147,104,147,147,Steady
147,104,147,147,Steady
147,104,148,148,Steady
147,104,148,148,Steady
146,104,148,148,Steady
146,104,148,148,Steady
149,104,146,146,Steady
149,104,146,146,Steady
147,104,148,148,Steady
147,104,148,148,Steady
148,102,149,149,Steady
148,102,149,149,Steady
149,104,146,146,Steady
149,104,146,146,Steady
147,102,148,148,Steady
147,102,148,148,Steady
148,103,147,147,Steady
148,103,147,147,Steady
147,105,148,148,Steady
147,105,148,148,Steady
148,104,147,147,Steady
148,104,147,147,Steady
151,105,144,144,Steady
151,105,144,144,Steady
148,102,149,149,Steady
148,102,149,149,Steady
147,104,149,149,Steady
147,104,149,149,Steady
149,104,149,149,Steady
149,104,149,149,Steady
150,103,147,147,Steady
150,103,147,147,Steady
148,104,148,148,Steady
148,104,148,148,Steady
148,104,148,148,Steady
148,104,148,148,Steady
148,104,148,148,Steady
148,104,148,148,Steady
148,103,150,150,Steady
148,103,150,150,Steady
149,104,148,148,Steady
149,104,148,148,Steady
150,103,145,145,Steady
150,103,145,145,Steady
150,104,147,147,Steady
150,104,147,147,Steady
148,104,150,150,Steady
148,104,150,150,Steady
149,106,147,147,Steady
149,106,147,147,Steady
149,106,146,146,Steady
149,106,146,146,Steady
149,106,145,145,Steady
149,106,145,145,Steady
150,106,145,145,Steady
150,106,145,145,Steady
147,107,148,148,Steady
147,107,148,148,Steady
148,107,146,146,Steady
148,107,146,146,Steady
148,105,147,147,Steady
148,105,147,147,Steady
148,104,147,147,Steady
148,104,147,147,Steady
148,106,147,147,Steady
148,106,147,147,Steady
147,106,146,146,Steady
147,106,146,146,Steady
148,105,147,147,Steady
148,105,147,147,Steady
146,106,147,147,Steady
146,106,147,147,Steady
147,107,147,147,Steady
147,107,147,147,Steady
146,107,148,148,Steady
146,107,148,148,Steady
147,108,146,146,Steady
147,108,146,146,Steady
145,106,150,150,Steady
145,106,150,150,Steady
146,105,153,153,Steady
146,105,153,153,Steady
152,104,143,143,Steady
152,104,143,143,Steady
147,105,147,147,Steady
147,105,147,147,Steady
144,104,146,146,Steady
144,104,146,146,Steady
146,107,138,138,Steady
146,107,138,138,Steady
145,105,139,139,Steady
145,105,139,139,Steady
146,105,137,137,Steady
146,105,137,137,Steady
140,104,136,136,Steady
140,104,136,136,Steady
138,103,134,134,Steady
138,103,134,134,Steady
132,98,139,139,Steady
132,98,139,139,Steady
131,100,140,140,Steady
131,100,140,140,Steady
127,95,139,139,Steady
127,95,139,139,Steady
124,96,137,137,Steady
124,96,137,137,Steady
123,100,133,133,Steady
123,100,133,133,Steady
115,95,137,137,Steady
115,95,137,137,Steady
114,99,134,134,Steady
114,99,134,134,Steady
109,97,136,136,Steady
109,97,136,136,Steady
110,96,131,131,Steady
110,96,131,131,Steady
104,93,136,136,Steady
255,231,122,122,Steady
104,93,136,136,Steady
255,231,122,122,Steady
100,93,130,130,Steady
100,93,130,130,Steady
93,90,135,135,Steady
261,240,113,113,Steady
93,90,135,135,Steady
261,240,113,113,Steady
89,89,133,133,Steady
254,238,131,131,Steady
89,89,133,133,Steady
254,238,131,131,Steady
83,89,133,133,Steady
255,266,116,116,Steady
83,89,133,133,Steady
255,266,116,116,Steady
74,87,140,140,Steady
74,87,140,140,Steady
67,85,143,143,Steady
67,85,143,143,Steady
65,83,140,140,Steady
65,83,140,140,Steady
62,89,134,134,Steady
62,89,134,134,Steady
61,91,131,131,Steady
61,91,131,131,Steady
60,92,131,131,Steady
60,92,131,131,Steady
60,92,131,131,Steady
60,92,131,131,Steady
59,92,135,135,Steady
59,92,135,135,Steady
63,92,136,136,Steady
63,92,136,136,Steady
62,87,142,142,Steady
62,87,142,142,Steady
65,88,141,141,Steady
65,88,141,141,Steady
66,89,141,141,Steady
66,89,141,141,Steady
71,89,142,142,Steady
71,89,142,142,Steady
76,89,137,137,Steady
76,89,137,137,Steady
78,87,137,137,Steady
78,87,137,137,Steady
82,85,135,135,Steady
82,85,135,135,Steady
82,85,136,136,Steady
82,85,136,136,Steady
83,85,135,135,Steady
83,85,135,135,Steady
85,78,141,141,Steady
85,78,141,141,Steady
88,77,140,140,Steady
88,77,140,140,Steady
91,77,141,141,Steady
91,77,141,141,Steady
91,79,141,141,Steady
91,79,141,141,Steady
95,79,142,142,Steady
95,79,142,142,Steady
96,80,143,143,Steady
96,80,143,143,Steady
99,82,142,142,Steady
99,82,142,142,Steady
103,84,139,139,Steady
103,84,139,139,Steady
104,85,138,138,Steady
104,85,138,138,Steady
102,83,142,142,Steady
102,83,142,142,Steady
106,81,140,140,Steady
106,81,140,140,Steady
106,78,142,142,Steady
106,78,142,142,Steady
116,81,141,141,Steady
116,81,141,141,Steady
119,79,146,146,Steady
119,79,146,146,Steady
136,82,134,134,Steady
136,82,134,134,Steady
141,83,135,135,Steady
141,83,135,135,Steady
139,83,139,139,Steady
139,83,139,139,Steady
136,91,139,139,Steady
136,91,139,139,Steady
136,91,141,141,Steady
136,91,141,141,Steady
134,93,138,138,Steady
134,93,138,138,Steady
133,93,137,137,Steady
133,93,137,137,Steady
123,89,139,139,Steady
123,89,139,139,Steady
121,90,138,138,Steady
121,90,138,138,Steady
114,88,141,141,Steady
114,88,141,141,Steady
109,93,142,142,Steady
109,93,142,142,Steady
109,94,143,143,Steady
109,94,143,143,Steady
108,96,142,142,Steady
108,96,142,142,Steady
106,96,142,142,Steady
106,96,142,142,Steady
105,93,140,140,Steady
105,93,140,140,Steady
108,93,138,138,Steady
108,93,138,138,Steady
106,92,139,139,Steady
106,92,139,139,Steady
105,93,138,138,Steady
105,93,138,138,Steady
107,96,135,135,Steady
107,96,135,135,Steady
106,97,134,134,Steady
106,97,134,134,Steady
104,96,136,136,Steady
104,96,136,136,Steady
108,100,128,128,Steady
108,100,128,128,Steady
111,100,127,127,Steady
111,100,127,127,Steady
106,97,128,128,Steady
106,97,128,128,Steady
100,92,134,134,Steady
100,92,134,134,Steady
96,92,136,136,Steady
96,92,136,136,Steady
94,91,136,136,Steady
94,91,136,136,Steady
93,91,133,133,Steady
93,91,133,133,Steady
93,94,129,129,Steady
93,94,129,129,Steady
93,92,132,132,Steady
93,92,132,132,Steady
93,92,131,131,Steady
93,92,131,131,Steady
93,92,132,132,Steady
93,92,132,132,Steady
94,93,133,133,Steady
94,93,133,133,Steady
96,96,131,131,Steady
96,96,131,131,Steady
97,95,132,132,Steady
97,95,132,132,Steady
97,95,133,133,Steady
97,95,133,133,Steady
96,96,134,134,Steady
96,96,134,134,Steady
98,97,134,134,Steady
98,97,134,134,Steady
101,98,134,134,Steady
101,98,134,134,Steady
104,96,133,133,Steady
104,96,133,133,Steady
104,97,132,132,Steady
104,97,132,132,Steady
104,100,133,133,Steady
104,100,133,133,Steady
104,99,137,137,Steady
104,99,137,137,Steady
103,100,136,136,Steady
103,100,136,136,Steady
105,98,136,136,Steady
105,98,136,136,Steady
107,98,135,135,Steady
107,98,135,135,Steady
106,96,136,136,Steady
106,96,136,136,Steady
106,93,138,138,Steady
106,93,138,138,Steady
108,98,131,131,Steady
108,98,131,131,Steady
106,96,133,133,Steady
106,96,133,133,Steady
105,96,136,136,Steady
105,96,136,136,Steady
104,95,137,137,Steady
104,95,137,137,Steady
105,97,135,135,Steady
105,97,135,135,Steady
104,96,137,137,Steady
104,96,137,137,Steady
104,96,137,137,Steady
104,96,137,137,Steady
104,95,136,136,Steady
104,95,136,136,Steady
106,96,133,133,Steady
106,96,133,133,Steady
107,97,132,132,Steady
107,97,132,132,Steady
105,98,132,132,Steady
105,98,132,132,Steady
106,98,132,132,Steady
106,98,132,132,Steady
106,97,132,132,Steady
106,97,132,132,Steady
103,96,135,135,Steady
103,96,135,135,Steady
103,94,136,136,Steady
103,94,136,136,Steady
103,95,135,135,Steady
103,95,135,135,Steady
102,95,136,136,Steady
102,95,136,136,Steady
103,93,137,137,Steady
103,93,137,137,Steady
101,93,137,137,Steady
101,93,137,137,Steady
101,93,135,135,Steady
101,93,135,135,Steady
101,92,137,137,Steady
101,92,137,137,Steady
101,93,136,136,Steady
101,93,136,136,Steady
99,93,137,137,Steady
99,93,137,137,Steady
101,94,136,136,Steady
101,94,136,136,Steady
103,95,136,136,Steady
103,95,136,136,Steady
103,96,135,135,Steady
103,96,135,135,Steady
103,96,135,135,Steady
103,96,135,135,Steady
102,95,136,136,Steady
102,95,136,136,Steady
101,94,135,135,Steady
101,94,135,135,Steady
101,93,137,137,Steady
101,93,137,137,Steady
102,94,136,136,Steady
102,94,136,136,Steady
100,92,140,140,Steady
100,92,140,140,Steady
101,92,139,139,Steady
101,92,139,139,Steady
100,92,139,139,Steady
100,92,139,139,Steady
102,94,136,136,Steady
102,94,136,136,Steady
101,95,137,137,Steady
101,95,137,137,Steady
101,94,137,137,Steady
101,94,137,137,Steady
102,94,135,135,Steady
102,94,135,135,Steady
104,96,135,135,Steady
104,96,135,135,Steady
104,96,133,133,Steady
104,96,133,133,Steady
105,97,134,134,Steady
105,97,134,134,Steady
106,98,132,132,Steady
106,98,132,132,Steady
105,97,134,134,Steady
105,97,134,134,Steady
105,96,133,133,Steady
105,96,133,133,Steady
103,95,135,135,Steady
103,95,135,135,Steady
104,95,134,134,Steady
104,95,134,134,Steady
103,94,135,135,Steady
103,94,135,135,Steady
104,96,135,135,Steady
104,96,135,135,Steady
105,97,133,133,Steady
105,97,133,133,Steady
106,97,134,134,Steady
106,97,134,134,Steady
105,98,133,133,Steady
105,98,133,133,Steady
105,98,132,132,Steady
105,98,132,132,Steady
107,97,132,132,Steady
107,97,132,132,Steady
105,97,133,133,Steady
105,97,133,133,Steady
106,96,134,134,Steady
106,96,134,134,Steady
105,96,134,134,Steady
105,96,134,134,Steady
106,96,134,134,Steady
106,96,134,134,Steady
106,97,133,133,Steady
106,97,133,133,Steady
104,96,134,134,Steady
104,96,134,134,Steady
105,97,134,134,Steady
105,97,134,134,Steady
106,97,133,133,Steady
106,97,133,133,Steady
105,96,134,134,Steady
105,96,134,134,Steady
106,96,134,134,Steady
106,96,134,134,Steady
106,97,133,133,Steady
106,97,133,133,Steady
105,97,133,133,Steady
105,97,133,133,Steady
106,98,132,132,Steady
106,98,132,132,Steady
106,98,132,132,Steady
106,98,132,132,Steady
107,98,131,131,Steady
107,98,131,131,Steady
107,98,131,131,Steady
107,98,131,131,Steady
106,97,132,132,Steady
106,97,132,132,Steady
105,97,135,135,Steady
105,97,135,135,Steady
106,98,132,132,Steady
106,98,132,132,Steady
106,97,133,133,Steady
106,97,133,133,Steady
105,97,133,133,Steady
105,97,133,133,Steady
106,97,132,132,Steady
106,97,132,132,Steady
106,97,132,132,Steady
106,97,132,132,Steady
107,98,131,131,Steady
107,98,131,131,Steady
105,98,132,132,Steady
105,98,132,132,Steady
107,97,133,133,Steady
107,97,133,133,Steady
105,97,134,134,Steady
105,97,134,134,Steady
107,98,131,131,Steady
107,98,131,131,Steady
106,98,131,131,Steady
106,98,131,131,Steady
107,98,131,131,Steady
107,98,131,131,Steady
107,97,131,131,Steady
107,97,131,131,Steady
106,97,133,133,Steady
106,97,133,133,Steady
105,97,134,134,Steady
105,97,134,134,Steady
106,96,134,134,Steady
106,96,134,134,Steady
107,99,131,131,Steady
107,99,131,131,Steady
107,96,133,133,Steady
107,96,133,133,Steady
105,94,134,134,Steady
105,94,134,134,Steady
100,92,138,138,Steady
100,92,138,138,Steady
100,94,137,137,Steady
100,94,137,137,Steady
99,89,135,135,Steady
99,89,135,135,Steady
94,85,134,134,Steady
94,85,134,134,Steady
91,86,134,134,Steady
91,86,134,134,Steady
87,83,136,136,Steady
87,83,136,136,Steady
86,80,132,132,Steady
86,80,132,132,Steady
80,78,130,130,Steady
80,78,130,130,Steady
77,73,129,129,Steady
77,73,129,129,Steady
71,69,130,130,Steady
71,69,130,130,Steady
68,70,126,126,Steady
68,70,126,126,Steady
63,69,129,129,Steady
63,69,129,129,Steady
64,72,127,127,Steady
64,72,127,127,Steady
62,69,130,130,Steady
62,69,130,130,Steady
63,70,131,131,Steady
63,70,131,131,Steady
61,67,133,133,Steady
61,67,133,133,Steady
64,71,132,132,Steady
64,71,132,132,Steady
67,73,128,128,Steady
67,73,128,128,Steady
68,73,126,126,Steady
68,73,126,126,Steady
66,73,127,127,Steady
66,73,127,127,Steady
65,69,129,129,Steady
65,69,129,129,Steady
64,69,131,131,Steady
64,69,131,131,Steady
65,72,128,128,Steady
65,72,128,128,Steady
64,71,129,129,Steady
64,71,129,129,Steady
64,71,127,127,Steady
64,71,127,127,Steady
63,67,132,132,Steady
63,67,132,132,Steady
64,69,132,132,Steady
64,69,132,132,Steady
64,69,131,131,Steady
64,69,131,131,Steady
66,71,130,130,Steady
66,71,130,130,Steady
65,71,131,131,Steady
65,71,131,131,Steady
64,69,131,131,Steady
64,69,131,131,Steady
64,69,132,132,Steady
64,69,132,132,Steady
64,69,131,131,Steady
64,69,131,131,Steady
65,70,132,132,Steady
65,70,132,132,Steady
66,68,131,131,Steady
66,68,131,131,Steady
66,69,130,130,Steady
66,69,130,130,Steady
65,70,130,130,Steady
65,70,130,130,Steady
64,70,130,130,Steady
64,70,130,130,Steady
66,70,129,129,Steady
66,70,129,129,Steady
65,70,130,130,Steady
65,70,130,130,Steady
64,70,128,128,Steady
64,70,128,128,Steady
65,70,129,129,Steady
65,70,129,129,Steady
65,70,130,130,Steady
65,70,130,130,Steady
65,68,131,131,Steady
65,68,131,131,Steady
64,69,133,133,Steady
64,69,133,133,Steady
65,69,131,131,Steady
65,69,131,131,Steady
66,70,131,131,Steady
66,70,131,131,Steady
68,71,127,127,Steady
68,71,127,127,Steady
67,73,130,130,Steady
67,73,130,130,Steady
66,71,131,131,Steady
66,71,131,131,Steady
66,71,131,131,Steady
66,71,131,131,Steady
66,70,132,132,Steady
66,70,132,132,Steady
67,69,132,132,Steady
67,69,132,132,Steady
66,70,131,131,Steady
66,70,131,131,Steady
67,71,129,129,Steady
67,71,129,129,Steady
66,70,130,130,Steady
66,70,130,130,Steady
68,72,128,128,Steady
68,72,128,128,Steady
66,70,132,132,Steady
66,70,132,132,Steady
67,69,131,131,Steady
67,69,131,131,Steady
70,68,131,131,Steady
70,68,131,131,Steady
71,70,129,129,Steady
71,70,129,129,Steady
71,67,133,133,Steady
71,67,133,133,Steady
76,71,128,128,Steady
76,71,128,128,Steady
76,68,134,134,Steady
76,68,134,134,Steady
82,73,129,129,Steady
82,73,129,129,Steady
88,75,126,126,Steady
88,75,126,126,Steady
88,74,133,133,Steady
88,74,133,133,Steady
92,77,128,128,Steady
92,77,128,128,Steady
92,77,130,130,Steady
92,77,130,130,Steady
97,79,126,126,Steady
97,79,126,126,Steady
96,79,131,131,Steady
96,79,131,131,Steady
97,79,130,130,Steady
97,79,130,130,Steady
100,80,127,127,Steady
100,80,127,127,Steady
97,78,131,131,Steady
97,78,131,131,Steady
96,78,129,129,Steady
96,78,129,129,Steady
93,80,131,131,Steady
93,80,131,131,Steady
88,76,130,130,Steady
88,76,130,130,Steady
87,74,125,125,Steady
87,74,125,125,Steady
82,77,125,125,Steady
82,77,125,125,Steady
79,73,126,126,Steady
79,73,126,126,Steady
73,73,126,126,Steady
73,73,126,126,Steady
71,76,127,127,Steady
71,76,127,127,Steady
75,76,124,124,Steady
75,76,124,124,Steady
70,77,129,129,Steady
70,77,129,129,Steady
72,82,133,133,Steady
72,82,133,133,Steady
79,88,131,131,Steady
79,88,131,131,Steady
82,88,134,134,Steady
82,88,134,134,Steady
87,94,138,138,Steady
87,94,138,138,Steady
90,96,140,140,Steady
90,96,140,140,Steady
98,103,135,135,Steady
98,103,135,135,Steady
102,104,134,134,Steady
102,104,134,134,Steady
105,106,132,132,Steady
105,106,132,132,Steady
104,103,133,133,Steady
104,103,133,133,Steady
106,104,132,132,Steady
106,104,132,132,Steady
105,102,135,135,Steady
105,102,135,135,Steady
103,104,135,135,Steady
103,104,135,135,Steady
103,104,135,135,Steady
103,104,135,135,Steady
103,104,135,135,Steady
103,104,135,135,Steady
106,105,132,132,Steady
106,105,132,132,Steady
107,105,132,132,Steady
107,105,132,132,Steady
106,105,133,133,Steady
106,105,133,133,Steady
106,106,134,134,Steady
106,106,134,134,Steady
107,107,133,133,Steady
107,107,133,133,Steady
106,107,134,134,Steady
106,107,134,134,Steady
107,107,134,134,Steady
107,107,134,134,Steady
105,107,136,136,Steady
105,107,136,136,Steady
107,105,136,136,Steady
107,105,136,136,Steady
106,104,136,136,Steady
106,104,136,136,Steady
109,104,135,135,Steady
109,104,135,135,Steady
108,106,136,136,Steady
108,106,136,136,Steady
114,101,137,137,Steady
114,101,137,137,Steady
113,102,140,140,Steady
113,102,140,140,Steady
118,104,135,135,Steady
118,104,135,135,Steady
118,105,140,140,Steady
118,105,140,140,Steady
120,107,150,150,Steady
120,107,150,150,Steady
131,110,144,144,Steady
131,110,144,144,Steady
136,110,151,151,Steady
136,110,151,151,Steady
145,107,150,150,Steady
145,107,150,150,Steady
157,106,149,149,Steady
157,106,149,149,Steady
162,107,153,153,Steady
162,107,153,153,Steady
170,105,155,155,Steady
170,105,155,155,Steady
178,105,147,147,Steady
178,105,147,147,Steady
179,97,145,145,Steady
179,97,145,145,Steady
176,78,150,150,Steady
176,78,150,150,Steady
174,45,159,159,Steady
174,45,159,159,Steady
173,24,165,165,Steady
173,24,165,165,Steady
173,21,161,161,Steady
173,21,161,161,Steady
175,22,166,166,Steady
175,22,166,166,Steady
168,33,173,173,Steady
168,33,173,173,Steady
158,63,164,164,Steady
158,63,164,164,Steady
159,93,147,147,Steady
159,93,147,147,Steady
152,92,147,147,Steady
152,92,147,147,Steady
143,94,145,145,Steady
143,94,145,145,Steady
131,92,145,145,Steady
131,92,145,145,Steady
126,94,139,139,Steady
126,94,139,139,Steady
114,90,146,146,Steady
114,90,146,146,Steady
105,88,147,147,Steady
105,88,147,147,Steady
100,85,146,146,Steady
100,85,146,146,Steady
96,81,142,142,Steady
96,81,142,142,Steady
89,79,143,143,Steady
89,79,143,143,Steady
86,78,143,143,Steady
86,78,143,143,Steady
89,77,141,141,Steady
89,77,141,141,Steady
88,77,145,145,Steady
88,77,145,145,Steady
89,76,145,145,Steady
89,76,145,145,Steady
92,75,144,144,Steady
92,75,144,144,Steady
91,74,147,147,Steady
91,74,147,147,Steady
103,83,132,132,Steady
103,83,132,132,Steady
104,80,141,141,Steady
104,80,141,141,Steady
103,81,142,142,Steady
103,81,142,142,Steady
101,81,146,146,Steady
101,81,146,146,Steady
101,81,148,148,Steady
101,81,148,148,Steady
103,83,140,140,Steady
103,83,140,140,Steady
97,86,145,145,Steady
97,86,145,145,Steady
97,89,144,144,Steady
97,89,144,144,Steady
95,89,142,142,Steady
95,89,142,142,Steady
93,86,139,139,Steady
93,86,139,139,Steady
94,87,136,136,Steady
94,87,136,136,Steady
94,86,134,134,Steady
94,86,134,134,Steady
93,85,135,135,Steady
93,85,135,135,Steady
91,85,138,138,Steady
91,85,138,138,Steady
91,84,136,136,Steady
91,84,136,136,Steady
92,81,139,139,Steady
92,81,139,139,Steady
88,81,139,139,Steady
88,81,139,139,Steady
87,77,142,142,Steady
87,77,142,142,Steady
89,75,142,142,Steady
89,75,142,142,Steady
90,73,142,142,Steady
90,73,142,142,Steady
91,74,142,142,Steady
91,74,142,142,Steady
89,71,146,146,Steady
89,71,146,146,Steady
91,73,146,146,Steady
91,73,146,146,Steady
89,74,147,147,Steady
89,74,147,147,Steady
84,75,150,150,Steady
84,75,150,150,Steady
86,79,144,144,Steady
86,79,144,144,Steady
88,78,141,141,Steady
88,78,141,141,Steady
87,78,140,140,Steady
87,78,140,140,Steady
85,77,141,141,Steady
85,77,141,141,Steady
82,78,143,143,Steady
82,78,143,143,Steady
83,77,141,141,Steady
83,77,141,141,Steady
85,75,140,140,Steady
85,75,140,140,Steady
84,76,141,141,Steady
84,76,141,141,Steady
84,73,141,141,Steady
84,73,141,141,Steady
87,72,138,138,Steady
87,72,138,138,Steady
86,76,135,135,Steady
86,76,135,135,Steady
85,74,135,135,Steady
85,74,135,135,Steady
83,73,135,135,Steady
83,73,135,135,Steady
81,73,139,139,Steady
81,73,139,139,Steady
82,75,140,140,Steady
82,75,140,140,Steady
83,78,137,137,Steady
83,78,137,137,Steady
83,80,137,137,Steady
83,80,137,137,Steady
82,76,140,140,Steady
82,76,140,140,Steady
83,74,138,138,Steady
83,74,138,138,Steady
80,76,139,139,Steady
80,76,139,139,Steady
81,78,139,139,Steady
81,78,139,139,Steady
80,80,139,139,Steady
80,80,139,139,Steady
82,85,134,134,Steady
82,85,134,134,Steady
81,84,134,134,Steady
81,84,134,134,Steady
78,85,137,137,Steady
78,85,137,137,Steady
69,79,146,146,Steady
69,79,146,146,Steady
64,76,149,149,Steady
64,76,149,149,Steady
61,77,151,151,Steady
61,77,151,151,Steady
61,79,147,147,Steady
61,79,147,147,Steady
61,79,147,147,Steady
61,78,148,148,Steady
61,78,148,148,Steady
64,77,147,147,Steady
64,77,147,147,Steady
70,81,141,141,Steady
70,81,141,141,Steady
74,81,142,142,Steady
74,81,142,142,Steady
82,83,138,138,Steady
82,83,138,138,Steady
88,85,134,134,Steady
88,85,134,134,Steady
88,83,139,139,Steady
88,83,139,139,Steady
88,80,143,143,Steady
88,80,143,143,Steady
91,83,142,142,Steady
91,83,142,142,Steady
98,89,136,136,Steady
98,89,136,136,Steady
96,87,142,142,Steady
96,87,142,142,Steady
96,85,143,143,Steady
96,85,143,143,Steady
98,85,143,143,Steady
95,86,143,143,Steady
95,86,143,143,Steady
95,86,143,143,Steady
96,87,142,142,Steady
96,87,142,142,Steady
94,85,141,141,Steady
94,85,141,141,Steady
97,89,136,136,Steady
97,89,136,136,Steady
92,87,141,141,Steady
92,87,141,141,Steady
94,88,137,137,Steady
93,84,139,139,Steady
93,84,139,139,Steady
93,84,139,139,Steady
88,83,141,141,Steady
88,83,141,141,Steady
85,79,143,143,Steady
85,79,143,143,Steady
82,79,145,145,Steady
82,79,145,145,Steady
83,82,141,141,Steady
83,82,141,141,Steady
83,81,139,139,Steady
82,80,140,140,Steady
82,80,140,140,Steady
82,80,140,140,Steady
82,81,139,139,Steady
82,81,139,139,Steady
83,81,139,139,Steady
83,81,139,139,Steady
83,81,140,140,Steady
83,81,140,140,Steady
86,80,139,139,Steady
86,80,139,139,Steady
85,79,142,142,Steady
83,77,146,146,Steady
83,77,146,146,Steady
83,77,146,146,Steady
84,77,144,144,Steady
84,77,144,144,Steady
83,76,147,147,Steady
83,76,147,147,Steady
83,77,146,146,Steady
83,77,146,146,Steady
84,79,143,143,Steady
84,79,143,143,Steady
83,79,145,145,Steady
84,79,143,143,Steady
84,79,143,143,Steady
84,79,143,143,Steady
87,78,142,142,Steady
87,78,142,142,Steady
83,80,142,142,Steady
83,80,142,142,Steady
80,80,142,142,Steady
80,80,142,142,Steady
80,79,143,143,Steady
80,79,143,143,Steady
83,81,139,139,Steady
80,73,148,148,Steady
80,73,148,148,Steady
80,73,148,148,Steady
79,71,155,155,Steady
79,71,155,155,Steady
84,72,150,150,Steady
84,72,150,150,Steady
85,72,151,151,Steady
85,72,151,151,Steady
82,75,149,149,Steady
82,75,149,149,Steady
76,78,149,149,Steady
74,77,147,147,Steady
74,77,147,147,Steady
74,77,147,147,Steady
71,78,143,143,Steady
71,78,143,143,Steady
64,75,148,148,Steady
64,75,148,148,Steady
61,74,144,144,Steady
61,74,144,144,Steady
61,75,142,142,Steady
61,75,142,142,Steady
55,75,147,147,Steady
58,77,144,144,Steady
58,77,144,144,Steady
58,77,144,144,Steady
60,79,142,142,Steady
60,79,142,142,Steady
61,81,143,143,Steady
61,81,143,143,Steady
62,81,144,144,Steady
62,81,144,144,Steady
64,83,144,144,Steady
64,83,144,144,Steady
63,83,147,147,Steady
66,89,142,142,Steady
66,89,142,142,Steady
66,89,142,142,Steady
66,89,141,141,Steady
66,89,141,141,Steady
65,87,143,143,Steady
65,87,143,143,Steady
66,90,141,141,Steady
66,90,141,141,Steady
67,89,138,138,Steady
67,89,138,138,Steady
64,85,141,141,Steady
65,82,140,140,Steady
65,82,140,140,Steady
65,82,140,140,Steady
62,78,145,145,Steady
62,78,145,145,Steady
64,75,141,141,Steady
64,75,141,141,Steady
68,76,139,139,Steady
68,76,139,139,Steady
68,78,136,136,Steady
68,78,136,136,Steady
67,74,140,140,Steady
66,75,140,140,Steady
66,75,140,140,Steady
66,75,140,140,Steady
67,79,136,136,Steady
67,79,136,136,Steady
65,77,138,138,Steady
65,77,138,138,Steady
63,78,141,141,Steady
63,78,141,141,Steady
64,76,142,142,Steady
64,76,142,142,Steady
65,78,146,146,Steady
67,81,143,143,Steady
67,81,143,143,Steady
67,81,143,143,Steady
67,82,145,145,Steady
67,82,145,145,Steady
68,85,144,144,Steady
68,85,144,144,Steady
69,85,143,143,Steady
69,85,143,143,Steady
68,83,145,145,Steady
68,83,145,145,Steady
67,81,146,146,Steady
67,82,143,143,Steady
67,82,143,143,Steady
67,82,143,143,Steady
68,82,144,144,Steady
73,83,142,142,Steady
73,83,142,142,Steady
72,83,143,143,Steady
72,83,143,143,Steady
73,81,145,145,Steady
76,83,144,144,Steady
76,83,144,144,Steady
76,83,144,144,Steady
76,82,143,143,Steady
76,82,143,143,Steady
77,82,144,144,Steady
77,82,144,144,Steady
77,81,145,145,Steady
77,81,145,145,Steady
79,84,141,141,Steady
79,84,141,141,Steady
84,91,136,136,Steady
85,94,140,140,Steady
85,94,140,140,Steady
87,96,139,139,Steady
87,96,139,139,Steady
87,96,139,139,Steady
89,96,140,140,Steady
89,96,140,140,Steady
89,97,139,139,Steady
89,97,139,139,Steady
88,96,141,141,Steady
88,96,141,141,Steady
87,97,142,142,Steady
87,96,139,139,Steady
87,96,139,139,Steady
86,91,141,141,Steady
86,91,141,141,Steady
86,91,141,141,Steady
81,91,142,142,Steady
81,91,142,142,Steady
81,91,137,137,Steady
81,91,137,137,Steady
78,91,141,141,Steady
78,91,141,141,Steady
78,90,138,138,Steady
76,88,139,139,Steady
76,88,139,139,Steady
73,86,140,140,Steady
73,86,140,140,Steady
73,86,140,140,Steady
72,86,140,140,Steady
72,86,140,140,Steady
73,87,138,138,Steady
73,87,138,138,Steady
74,87,138,138,Steady
74,87,138,138,Steady
72,86,139,139,Steady
75,87,137,137,Steady
75,87,137,137,Steady
74,86,138,138,Steady
74,86,138,138,Steady
74,86,138,138,Steady
74,86,137,137,Steady
74,86,137,137,Steady
74,86,137,137,Steady
74,86,137,137,Steady
73,86,139,139,Steady
73,86,139,139,Steady
73,85,139,139,Steady
74,86,138,138,Steady
74,86,138,138,Steady
73,84,140,140,Steady
73,84,140,140,Steady
73,84,140,140,Steady
74,86,140,140,Steady
74,86,140,140,Steady
74,87,138,138,Steady
74,87,138,138,Steady
75,88,137,137,Steady
75,88,137,137,Steady
75,87,138,138,Steady
76,86,136,136,Steady
76,86,136,136,Steady
74,85,138,138,Steady
74,85,138,138,Steady
74,85,138,138,Steady
73,84,139,139,Steady
73,84,139,139,Steady
76,86,137,137,Steady
76,86,137,137,Steady
77,84,137,137,Steady
77,84,137,137,Steady
80,85,137,137,Steady
79,85,140,140,Steady
79,85,140,140,Steady
80,85,138,138,Steady
80,85,138,138,Steady
80,85,138,138,Steady
79,85,139,139,Steady
79,85,139,139,Steady
79,85,139,139,Steady
79,85,139,139,Steady
78,84,139,139,Steady
78,84,139,139,Steady
78,84,139,139,Steady
78,84,140,140,Steady
78,84,140,140,Steady
79,86,138,138,Steady
79,86,138,138,Steady
79,86,138,138,Steady
78,84,140,140,Steady
78,84,140,140,Steady
77,84,142,142,Steady
77,84,142,142,Steady
79,85,139,139,Steady
79,85,139,139,Steady
86,76,140,140,Intense
82,77,144,144,Intense
82,76,142,142,Intense
80,79,144,144,Intense
81,81,140,140,Intense
84,84,138,138,Intense
84,84,138,138,Intense
84,84,138,138,Intense
81,83,140,140,Intense
81,83,140,140,Intense
83,85,139,139,Intense
83,85,139,139,Intense
82,85,139,139,Intense
83,86,137,137,Intense
83,86,137,137,Intense
83,85,138,138,Intense
83,85,138,138,Intense
83,86,139,139,Intense
83,86,139,139,Intense
82,85,138,138,Intense
82,85,138,138,Intense
82,85,138,138,Intense
83,84,138,138,Intense
83,84,138,138,Intense
82,84,138,138,Intense
82,84,139,139,Intense
82,84,139,139,Intense
82,82,140,140,Intense
82,82,140,140,Intense
83,86,137,137,Intense
83,86,137,137,Intense
82,84,138,138,Intense
82,84,138,138,Intense
82,84,138,138,Intense
80,84,140,140,Intense
80,84,140,140,Intense
79,84,140,140,Intense
81,85,139,139,Intense
81,85,139,139,Intense
80,83,140,140,Intense
80,83,140,140,Intense
78,86,138,138,Intense
78,86,138,138,Intense
77,87,135,135,Intense
77,87,135,135,Intense
77,87,135,135,Intense
77,88,136,136,Intense
77,88,136,136,Intense
75,87,138,138,Intense
75,87,137,137,Intense
75,87,137,137,Intense
76,86,136,136,Intense
76,86,136,136,Intense
76,85,136,136,Intense
76,85,136,136,Intense
75,86,137,137,Intense
75,86,137,137,Intense
75,86,137,137,Intense
74,82,141,141,Intense
74,82,141,141,Intense
77,84,139,139,Intense
78,85,136,136,Intense
78,85,136,136,Intense
78,85,137,137,Intense
78,85,137,137,Intense
78,85,136,136,Intense
78,85,136,136,Intense
78,85,136,136,Intense
78,85,136,136,Intense
78,85,136,136,Intense
79,86,134,134,Intense
79,86,134,134,Intense
78,85,136,136,Intense
77,86,137,137,Intense
77,86,137,137,Intense
77,85,137,137,Intense
77,85,137,137,Intense
76,83,141,141,Intense
76,83,141,141,Intense
78,86,140,140,Intense
78,86,140,140,Intense
78,86,140,140,Intense
81,88,140,140,Intense
81,88,140,140,Intense
81,87,140,140,Intense
83,86,143,143,Intense
83,86,143,143,Intense
85,89,146,146,Intense
85,89,146,146,Intense
89,88,145,145,Intense
89,88,145,145,Intense
92,93,147,147,Intense
92,93,147,147,Intense
92,93,147,147,Intense
99,97,147,147,Intense
99,97,147,147,Intense
106,94,162,162,Intense
117,97,163,163,Intense
117,97,163,163,Intense
132,95,161,161,Intense
132,95,161,161,Intense
148,94,168,168,Intense
148,94,168,168,Intense
160,96,163,163,Intense
160,96,163,163,Intense
160,96,163,163,Intense
187,105,170,170,Intense
187,105,170,170,Intense
198,109,175,175,Intense
223,108,181,181,Intense
223,108,181,181,Intense
245,99,190,190,Intense
245,99,190,190,Intense
263,92,192,192,Intense
263,92,192,192,Intense
281,74,195,195,Intense
281,74,195,195,Intense
281,74,195,195,Intense
291,50,200,200,Intense
291,50,200,200,Intense
300,45,196,196,Intense
300,60,202,202,Intense
300,60,202,202,Intense
281,85,210,210,Intense
281,85,210,210,Intense
269,123,181,181,Intense
269,123,181,181,Intense
255,116,183,183,Intense
255,116,183,183,Intense
255,116,183,183,Intense
230,107,183,183,Intense
230,107,183,183,Intense
219,91,170,170,Intense
200,72,169,169,Intense
200,72,169,169,Intense
186,70,164,164,Intense
186,70,164,164,Intense
179,71,163,163,Intense
179,71,163,163,Intense
174,76,158,158,Intense
174,76,158,158,Intense
174,76,158,158,Intense
173,81,153,153,Intense
173,81,153,153,Intense
171,81,157,157,Intense
170,80,158,158,Intense
170,80,158,158,Intense
168,78,159,159,Intense
168,78,159,159,Intense
171,75,160,160,Intense
171,75,160,160,Intense
168,73,165,165,Intense
168,73,165,165,Intense
168,73,165,165,Intense
170,75,164,164,Intense
170,75,164,164,Intense
175,76,164,164,Intense
184,80,164,164,Intense
184,80,164,164,Intense
187,80,164,164,Intense
187,80,164,164,Intense
193,91,162,162,Intense
193,91,162,162,Intense
191,96,169,169,Intense
191,96,169,169,Intense
191,96,169,169,Intense
192,92,174,174,Intense
192,92,174,174,Intense
194,91,175,175,Intense
187,91,177,177,Intense
187,91,177,177,Intense
188,93,171,171,Intense
188,93,171,171,Intense
192,96,165,165,Intense
192,96,165,165,Intense
196,96,160,160,Intense
196,96,160,160,Intense
196,96,160,160,Intense
192,89,166,166,Intense
192,89,166,166,Intense
191,86,158,158,Intense
189,83,156,156,Intense
189,83,156,156,Intense
185,83,159,159,Intense
185,83,159,159,Intense
186,83,156,156,Intense
186,83,156,156,Intense
185,79,160,160,Intense
185,79,160,160,Intense
185,79,160,160,Intense
183,78,162,162,Intense
183,78,162,162,Intense
182,75,164,164,Intense
184,77,162,162,Intense
184,77,162,162,Intense
185,79,163,163,Intense
185,79,163,163,Intense
191,82,157,157,Intense
191,82,157,157,Intense
192,83,157,157,Intense
192,83,157,157,Intense
192,84,157,157,Intense
192,84,157,157,Intense
192,84,157,157,Intense
189,81,162,162,Intense
190,85,158,158,Intense
190,85,158,158,Intense
188,82,163,163,Intense
188,82,163,163,Intense
191,84,160,160,Intense
191,84,160,160,Intense
186,79,160,160,Intense
186,79,160,160,Intense
180,74,167,167,Intense
180,74,167,167,Intense
180,74,167,167,Intense
180,74,165,165,Intense
176,70,167,167,Intense
176,70,167,167,Intense
178,71,165,165,Intense
178,71,165,165,Intense
180,72,160,160,Intense
180,72,160,160,Intense
179,74,156,156,Intense
179,74,156,156,Intense
173,75,161,161,Intense
173,75,161,161,Intense
173,75,161,161,Intense
171,78,160,160,Intense
169,77,159,159,Intense
169,77,159,159,Intense
164,74,164,164,Intense
164,74,164,164,Intense
163,74,163,163,Intense
163,74,163,163,Intense
161,79,163,163,Intense
161,79,163,163,Intense
157,78,165,165,Intense
157,78,165,165,Intense
157,78,165,165,Intense
162,88,156,156,Intense
155,86,162,162,Intense
155,86,162,162,Intense
157,86,162,162,Intense
157,86,162,162,Intense
161,89,158,158,Intense
161,89,158,158,Intense
160,85,161,161,Intense
160,85,161,161,Intense
164,81,162,162,Intense
164,81,162,162,Intense
164,81,162,162,Intense
162,79,166,166,Intense
164,76,165,165,Intense
164,76,165,165,Intense
171,80,159,159,Intense
171,80,159,159,Intense
173,79,158,158,Intense
173,79,158,158,Intense
178,79,154,154,Intense
178,79,154,154,Intense
173,73,160,160,Intense
173,73,160,160,Intense
173,73,160,160,Intense
180,72,155,155,Intense
183,73,156,156,Intense
183,73,156,156,Intense
186,77,155,155,Intense
186,77,155,155,Intense
187,78,156,156,Intense
187,78,156,156,Intense
188,77,157,157,Intense
188,77,157,157,Intense
188,74,158,158,Intense
188,74,158,158,Intense
188,74,158,158,Intense
191,75,155,155,Intense
188,77,157,157,Intense
188,77,157,157,Intense
186,76,158,158,Intense
186,76,158,158,Intense
184,76,157,157,Intense
184,76,157,157,Intense
176,71,164,164,Intense
176,71,164,164,Intense
178,70,159,159,Intense
178,70,159,159,Intense
178,70,159,159,Intense
164,69,170,170,Intense
160,72,167,167,Intense
160,72,167,167,Intense
149,69,178,178,Intense
149,69,178,178,Intense
149,68,172,172,Intense
149,68,172,172,Intense
146,69,174,174,Intense
146,69,174,174,Intense
148,70,172,172,Intense
148,70,172,172,Intense
148,70,172,172,Intense
144,65,179,179,Intense
142,67,180,180,Intense
142,67,180,180,Intense
138,66,182,182,Intense
138,66,182,182,Intense
141,72,177,177,Intense
141,72,177,177,Intense
138,73,176,176,Intense
138,73,176,176,Intense
135,71,179,179,Intense
135,71,179,179,Intense
135,71,179,179,Intense
135,74,176,176,Intense
133,72,179,179,Intense
133,72,179,179,Intense
136,73,175,175,Intense
136,73,175,175,Intense
135,71,178,178,Intense
135,71,178,178,Intense
138,71,180,180,Intense
138,71,180,180,Intense
139,74,180,180,Intense
139,74,180,180,Intense
139,74,180,180,Intense
147,73,175,175,Intense
144,72,178,178,Intense
144,72,178,178,Intense
149,74,171,171,Intense
149,74,171,171,Intense
150,76,172,172,Intense
150,76,172,172,Intense
148,72,177,177,Intense
148,72,177,177,Intense
154,75,166,166,Intense
154,75,166,166,Intense
154,75,166,166,Intense
157,76,167,167,Intense
153,71,175,175,Intense
153,71,175,175,Intense
152,69,177,177,Intense
152,69,177,177,Intense
155,71,172,172,Intense
155,71,172,172,Intense
157,73,169,169,Intense
157,73,169,169,Intense
156,73,170,170,Intense
156,73,170,170,Intense
156,73,170,170,Intense
156,74,168,168,Intense
155,74,171,171,Intense
155,74,171,171,Intense
154,73,173,173,Intense
154,73,173,173,Intense
152,73,175,175,Intense
152,73,175,175,Intense
153,73,173,173,Intense
153,73,173,173,Intense
155,75,169,169,Intense
155,75,169,169,Intense
155,75,169,169,Intense
153,74,172,172,Intense
153,71,176,176,Intense
153,71,176,176,Intense
152,71,177,177,Intense
152,71,177,177,Intense
153,70,176,176,Intense
153,70,176,176,Intense
153,69,175,175,Intense
153,69,175,175,Intense
155,70,171,171,Intense
155,70,171,171,Intense
153,69,176,176,Intense
153,69,176,176,Intense
156,72,170,170,Intense
156,72,170,170,Intense
156,76,170,170,Intense
156,76,170,170,Intense
160,76,166,166,Intense
160,76,166,166,Intense
162,78,164,164,Intense
162,78,164,164,Intense
162,77,164,164,Intense
162,77,164,164,Intense
163,75,164,164,Intense
163,75,164,164,Intense
163,77,164,164,Intense
163,77,164,164,Intense
165,77,160,160,Intense
165,77,160,160,Intense
164,77,162,162,Intense
164,77,162,162,Intense
161,78,163,163,Intense
161,78,163,163,Intense
161,77,166,166,Intense
161,77,166,166,Intense
162,77,162,162,Intense
162,77,162,162,Intense
159,77,165,165,Intense
159,77,165,165,Intense
161,77,165,165,Intense
161,77,165,165,Intense
162,78,162,162,Intense
162,78,162,162,Intense
159,74,167,167,Intense
159,74,167,167,Intense
164,77,162,162,Intense
164,77,162,162,Intense
165,77,162,162,Intense
165,77,162,162,Intense
164,77,163,163,Intense
164,77,163,163,Intense
165,77,162,162,Intense
165,77,162,162,Intense
164,75,166,166,Intense
164,75,166,166,Intense
165,74,163,163,Intense
165,74,163,163,Intense
166,75,161,161,Intense
166,75,161,161,Intense
167,76,160,160,Intense
167,76,160,160,Intense
165,75,165,165,Intense
165,75,165,165,Intense
167,76,160,160,Intense
167,76,160,160,Intense
165,73,166,166,Intense
165,73,166,166,Intense
166,75,166,166,Intense
166,75,166,166,Intense
177,72,159,159,Intense
177,72,159,159,Intense
190,79,154,154,Intense
190,79,154,154,Intense
200,85,147,147,Intense
200,85,147,147,Intense
204,87,143,143,Intense
204,87,143,143,Intense
200,85,149,149,Intense
200,85,149,149,Intense
205,84,143,143,Intense
205,84,143,143,Intense
207,84,147,147,Intense
207,84,147,147,Intense
207,84,145,145,Intense
207,84,145,145,Intense
208,84,145,145,Intense
208,84,145,145,Intense
211,86,143,143,Intense
211,86,143,143,Intense
209,84,146,146,Intense
209,84,146,146,Intense
210,86,145,145,Intense
210,86,145,145,Intense
209,83,144,144,Intense
209,83,144,144,Intense
208,84,145,145,Intense
208,84,145,145,Intense
210,84,144,144,Intense
210,84,144,144,Intense
209,84,144,144,Intense
209,84,144,144,Intense
209,84,144,144,Intense
209,84,144,144,Intense
208,82,146,146,Intense
208,82,146,146,Intense
206,85,147,147,Intense
206,85,147,147,Intense
207,83,146,146,Intense
207,83,146,146,Intense
208,83,148,148,Intense
208,83,148,148,Intense
210,83,146,146,Intense
210,83,146,146,Intense
207,84,149,149,Intense
207,84,149,149,Intense
210,84,147,147,Intense
210,84,147,147,Intense
208,83,149,149,Intense
208,83,149,149,Intense
206,83,147,147,Intense
206,83,147,147,Intense
201,82,152,152,Intense
201,82,152,152,Intense
204,82,148,148,Intense
204,82,148,148,Intense
205,83,148,148,Intense
205,83,148,148,Intense
202,82,148,148,Intense
202,82,148,148,Intense
202,81,150,150,Intense
202,81,150,150,Intense
198,81,154,154,Intense
198,81,154,154,Intense
196,77,154,154,Intense
196,77,154,154,Intense
200,80,149,149,Intense
200,80,149,149,Intense
197,77,156,156,Intense
197,77,156,156,Intense
197,81,154,154,Intense
197,81,154,154,Intense
197,84,150,150,Intense
197,84,150,150,Intense
200,83,149,149,Intense
200,83,149,149,Intense
199,81,149,149,Intense
199,81,149,149,Intense
194,77,154,154,Intense
194,77,154,154,Intense
195,79,157,157,Intense
195,79,157,157,Intense
199,79,150,150,Intense
199,79,150,150,Intense
196,85,146,146,Intense
196,85,146,146,Intense
194,79,145,145,Intense
194,79,145,145,Intense
187,76,150,150,Intense
187,76,150,150,Intense
186,77,145,145,Intense
186,77,145,145,Intense
173,76,150,150,Intense
173,76,150,150,Intense
155,67,161,161,Intense
155,67,161,161,Intense
145,63,169,169,Intense
145,63,169,169,Intense
140,68,166,166,Intense
140,68,166,166,Intense
133,71,166,166,Intense
133,71,166,166,Intense
132,71,162,162,Intense
132,71,162,162,Intense
134,74,157,157,Intense
134,74,157,157,Intense
134,73,155,155,Intense
134,73,155,155,Intense
132,72,160,160,Intense
132,72,160,160,Intense
130,68,166,166,Intense
130,68,166,166,Intense
132,71,162,162,Intense
132,71,162,162,Intense
135,74,164,164,Intense
135,74,164,164,Intense
139,78,159,159,Intense
139,78,159,159,Intense
144,75,163,163,Intense
144,75,163,163,Intense
151,78,163,163,Intense
151,78,163,163,Intense
153,81,165,165,Intense
153,81,165,165,Intense
155,85,164,164,Intense
155,85,164,164,Intense
155,85,167,167,Intense
155,85,167,167,Intense
158,85,169,169,Intense
158,85,169,169,Intense
168,87,164,164,Intense
168,87,164,164,Intense
170,90,165,165,Intense
170,90,165,165,Intense
174,91,169,169,Intense
174,91,169,169,Intense
175,90,172,172,Intense
175,90,172,172,Intense
179,90,172,172,Intense
179,90,172,172,Intense
178,91,174,174,Intense
178,91,174,174,Intense
179,92,173,173,Intense
179,92,173,173,Intense
182,93,172,172,Intense
182,93,172,172,Intense
182,88,176,176,Intense
182,88,176,176,Intense
181,92,172,172,Intense
181,92,172,172,Intense
180,93,172,172,Intense
180,93,172,172,Intense
176,90,177,177,Intense
176,90,177,177,Intense
181,94,172,172,Intense
181,94,172,172,Intense
179,92,175,175,Intense
179,92,175,175,Intense
182,94,171,171,Intense
182,94,171,171,Intense
181,93,172,172,Intense
181,93,172,172,Intense
184,90,167,167,Intense
184,90,167,167,Intense
184,91,168,168,Intense
184,91,168,168,Intense
183,92,169,169,Intense
183,92,169,169,Intense
184,91,167,167,Intense
184,91,167,167,Intense
184,93,165,165,Intense
184,93,165,165,Intense
184,91,170,170,Intense
184,91,170,170,Intense
184,93,169,169,Intense
184,93,169,169,Intense
183,93,171,171,Intense
183,93,171,171,Intense
181,94,171,171,Intense
181,94,171,171,Intense
181,93,172,172,Intense
181,93,172,172,Intense
185,96,167,167,Intense
185,96,167,167,Intense
183,94,171,171,Intense
183,94,171,171,Intense
183,94,171,171,Intense
183,94,171,171,Intense
182,92,173,173,Intense
182,92,173,173,Intense
184,93,172,172,Intense
184,93,172,172,Intense
184,94,170,170,Intense
184,94,170,170,Intense
185,93,169,169,Intense
185,93,169,169,Intense
182,93,172,172,Intense
182,93,172,172,Intense
187,96,167,167,Intense
187,96,167,167,Intense
183,94,171,171,Intense
183,94,171,171,Intense
182,91,173,173,Intense
182,91,173,173,Intense
181,93,173,173,Intense
181,93,173,173,Intense
178,92,175,175,Intense
178,92,175,175,Intense
180,89,174,174,Intense
180,89,174,174,Intense
183,87,175,175,Intense
183,87,175,175,Intense
180,88,178,178,Intense
180,88,178,178,Intense
186,94,172,172,Intense
186,94,172,172,Intense
186,95,173,173,Intense
186,95,173,173,Intense
188,97,171,171,Intense
188,97,171,171,Intense
190,96,172,172,Intense
190,96,172,172,Intense
188,93,176,176,Intense
188,93,176,176,Intense
189,94,177,177,Intense
189,94,177,177,Intense
192,97,173,173,Intense
192,97,173,173,Intense
191,96,173,173,Intense
191,96,173,173,Intense
191,98,172,172,Intense
191,98,172,172,Intense
193,97,171,171,Intense
193,97,171,171,Intense
190,96,173,173,Intense
190,96,173,173,Intense
191,97,172,172,Intense
191,97,172,172,Intense
185,96,173,173,Intense
185,96,173,173,Intense
182,94,173,173,Intense
182,94,173,173,Intense
183,92,173,173,Intense
183,92,173,173,Intense
182,93,170,170,Intense
182,93,170,170,Intense
187,95,163,163,Intense
187,95,163,163,Intense
183,90,167,167,Intense
183,90,167,167,Intense
180,88,170,170,Intense
180,88,170,170,Intense
177,87,169,169,Intense
177,87,169,169,Intense
176,86,164,164,Intense
176,86,164,164,Intense
168,84,170,170,Intense
168,84,170,170,Intense
169,85,170,170,Intense
169,85,170,170,Intense
169,83,164,164,Intense
169,83,164,164,Intense
163,83,164,164,Intense
163,83,164,164,Intense
160,75,169,169,Intense
160,75,169,169,Intense
160,82,163,163,Intense
160,82,163,163,Intense
161,80,160,160,Intense
161,80,160,160,Intense
161,75,160,160,Intense
161,75,160,160,Intense
156,74,163,163,Intense
156,74,163,163,Intense
160,76,158,158,Intense
160,76,158,158,Intense
157,77,157,157,Intense
157,77,157,157,Intense
158,74,158,158,Intense
158,74,158,158,Intense
157,74,159,159,Intense
157,74,159,159,Intense
158,74,157,157,Intense
158,74,157,157,Intense
154,71,162,162,Intense
154,71,162,162,Intense
155,74,159,159,Intense
155,74,159,159,Intense
153,70,163,163,Intense
153,70,163,163,Intense
156,71,160,160,Intense
156,71,160,160,Intense
154,71,163,163,Intense
154,71,163,163,Intense
155,72,162,162,Intense
155,72,162,162,Intense
156,74,160,160,Intense
156,74,160,160,Intense
155,72,160,160,Intense
155,72,160,160,Intense
156,72,161,161,Intense
156,72,161,161,Intense
156,73,161,161,Intense
156,73,161,161,Intense
157,73,161,161,Intense
157,73,161,161,Intense
157,72,161,161,Intense
157,72,161,161,Intense
155,70,162,162,Intense
155,70,162,162,Intense
155,73,160,160,Intense
155,73,160,160,Intense
154,72,162,162,Intense
154,72,162,162,Intense
155,72,160,160,Intense
155,72,160,160,Intense
156,72,159,159,Intense
156,72,159,159,Intense
156,74,159,159,Intense
156,74,159,159,Intense
156,74,159,159,Intense
156,74,159,159,Intense
157,74,157,157,Intense
157,74,157,157,Intense
156,71,161,161,Intense
156,71,161,161,Intense
155,70,161,161,Intense
155,70,161,161,Intense
156,71,160,160,Intense
156,71,160,160,Intense
155,71,161,161,Intense
155,71,161,161,Intense
156,70,160,160,Intense
156,70,160,160,Intense
157,71,158,158,Intense
157,71,158,158,Intense
156,71,160,160,Intense
156,71,160,160,Intense
154,68,164,164,Intense
154,68,164,164,Intense
152,68,164,164,Intense
152,68,164,164,Intense
157,73,158,158,Intense
157,73,158,158,Intense
154,69,164,164,Intense
154,69,164,164,Intense
158,71,159,159,Intense
158,71,159,159,Intense
155,70,162,162,Intense
155,70,162,162,Intense
157,73,159,159,Intense
157,73,159,159,Intense
153,70,164,164,Intense
153,70,164,164,Intense
157,69,160,160,Intense
157,69,160,160,Intense
158,72,159,159,Intense
158,72,159,159,Intense
157,70,161,161,Intense
157,70,161,161,Intense
157,72,161,161,Intense
157,72,161,161,Intense
160,77,157,157,Intense
160,77,157,157,Intense
155,70,163,163,Intense
155,70,163,163,Intense
154,69,164,164,Intense
154,69,164,164,Intense
157,75,160,160,Intense
157,75,160,160,Intense
158,74,158,158,Intense
158,74,158,158,Intense
158,75,158,158,Intense
158,75,158,158,Intense
163,80,154,154,Intense
163,80,154,154,Intense
161,77,158,158,Intense
161,77,158,158,Intense
161,75,169,169,Intense
161,75,169,169,Intense
172,81,163,163,Intense
172,81,163,163,Intense
183,80,166,166,Intense
183,80,166,166,Intense
189,82,167,167,Intense
189,82,167,167,Intense
197,86,168,168,Intense
197,86,168,168,Intense
208,90,168,168,Intense
208,90,168,168,Intense
220,97,169,169,Intense
220,97,169,169,Intense
228,98,175,175,Intense
228,98,175,175,Intense
226,94,189,189,Intense
226,94,189,189,Intense
237,97,183,183,Intense
237,97,183,183,Intense
254,96,183,183,Intense
254,96,183,183,Intense
260,104,176,176,Intense
260,104,176,176,Intense
262,109,174,174,Intense
262,109,174,174,Intense
259,106,183,183,Intense
259,106,183,183,Intense
266,111,181,181,Intense
266,111,181,181,Intense
268,109,183,183,Intense
268,109,183,183,Intense
267,109,185,185,Intense
267,109,185,185,Intense
270,111,184,184,Intense
270,111,184,184,Intense
268,108,195,195,Intense
268,108,195,195,Intense
270,107,190,190,Intense
270,107,190,190,Intense
269,113,185,185,Intense
269,113,185,185,Intense
270,111,186,186,Intense
270,111,186,186,Intense
272,114,183,183,Intense
272,114,183,183,Intense
273,112,181,181,Intense
273,112,181,181,Intense
271,114,184,184,Intense
271,114,184,184,Intense
272,115,184,184,Intense
272,115,184,184,Intense
272,113,185,185,Intense
272,113,185,185,Intense
273,117,182,182,Intense
273,117,182,182,Intense
270,112,187,187,Intense
270,112,187,187,Intense
268,113,188,188,Intense
268,113,188,188,Intense
263,114,189,189,Intense
263,114,189,189,Intense
262,109,190,190,Intense
262,109,190,190,Intense
264,106,188,188,Intense
264,106,188,188,Intense
265,110,182,182,Intense
265,110,182,182,Intense
265,109,181,181,Intense
265,109,181,181,Intense
263,105,177,177,Intense
263,105,177,177,Intense
263,105,177,177,Intense
263,105,177,177,Intense
261,105,179,179,Intense
261,105,179,179,Intense
260,105,183,183,Intense
260,105,183,183,Intense
263,107,182,181,Intense
263,107,182,181,Intense
263,106,176,176,Intense
263,106,176,176,Intense
265,110,174,174,Intense
265,110,174,174,Intense
268,115,169,169,Intense
268,115,169,169,Intense
267,112,172,172,Intense
267,112,172,172,Intense
265,113,171,171,Intense
265,113,171,171,Intense
262,110,178,178,Intense
262,110,178,178,Intense
267,113,172,172,Intense
267,113,172,172,Intense
267,112,173,173,Intense
267,112,173,173,Intense
267,112,172,172,Intense
267,112,172,172,Intense
263,109,171,171,Intense
263,109,171,171,Intense
262,106,179,179,Intense
262,106,179,179,Intense
262,108,182,182,Intense
262,108,182,182,Intense
262,105,185,185,Intense
262,105,185,185,Intense
262,106,181,181,Intense
262,106,181,181,Intense
262,110,182,182,Intense
262,110,182,182,Intense
262,112,183,183,Intense
262,112,183,183,Intense
261,111,186,186,Intense
261,111,186,186,Intense
262,112,183,183,Intense
262,112,183,183,Intense
264,112,182,182,Intense
264,112,182,182,Intense
261,112,186,186,Intense
261,112,186,186,Intense
264,113,182,182,Intense
264,113,182,182,Intense
264,114,180,180,Intense
264,114,180,180,Intense
261,113,184,184,Intense
261,113,184,184,Intense
259,111,187,187,Intense
259,111,187,187,Intense
260,110,189,189,Intense
260,110,189,189,Intense
261,108,188,188,Intense
261,108,188,188,Intense
259,108,190,190,Intense
259,108,190,190,Intense
261,108,186,186,Intense
261,108,186,186,Intense
262,110,187,187,Intense
262,110,187,187,Intense
260,111,186,186,Intense
260,111,186,186,Intense
261,110,186,186,Intense
261,110,186,186,Intense
262,111,185,185,Intense
262,111,185,185,Intense
259,109,190,190,Intense
259,109,190,190,Intense
262,111,185,185,Intense
262,111,185,185,Intense
263,114,183,183,Intense
263,114,183,183,Intense
266,113,179,179,Intense
266,113,179,179,Intense
263,110,183,183,Intense
263,110,183,183,Intense
263,110,182,182,Intense
263,110,182,182,Intense
262,109,182,182,Intense
262,109,182,182,Intense
263,110,183,183,Intense
263,110,183,183,Intense
261,111,185,185,Intense
261,111,185,185,Intense
261,110,184,184,Intense
261,110,184,184,Intense
264,112,183,183,Intense
264,112,183,183,Intense
263,111,183,183,Intense
263,111,183,183,Intense
264,111,181,181,Intense
264,111,181,181,Intense
264,110,181,181,Intense
264,110,181,181,Intense
265,113,181,181,Intense
265,113,181,181,Intense
265,113,180,180,Intense
265,113,180,180,Intense
263,111,181,181,Intense
263,111,181,181,Intense
266,111,179,179,Intense
266,111,179,179,Intense
267,111,180,180,Intense
267,111,180,180,Intense
266,110,179,179,Intense
266,110,179,179,Intense
265,113,177,177,Intense
265,113,177,177,Intense
260,107,178,178,Intense
260,107,178,178,Intense
258,102,179,179,Intense
258,102,179,179,Intense
252,103,175,175,Intense
252,103,175,175,Intense
238,99,183,183,Intense
238,99,183,183,Intense
231,100,181,181,Intense
231,100,181,181,Intense
226,96,181,181,Intense
226,96,181,181,Intense
222,96,171,171,Intense
222,96,171,171,Intense
218,96,168,168,Intense
218,96,168,168,Intense
215,88,169,169,Intense
215,88,169,169,Intense
210,83,171,171,Intense
210,83,171,171,Intense
209,82,170,170,Intense
209,82,170,170,Intense
211,81,166,166,Intense
211,81,166,166,Intense
209,76,170,170,Intense
209,76,170,170,Intense
209,80,167,167,Intense
209,80,167,167,Intense
206,79,168,168,Intense
206,79,168,168,Intense
208,80,168,168,Intense
208,80,168,168,Intense
210,82,162,162,Intense
210,82,162,162,Intense
210,86,156,156,Intense
210,86,156,156,Intense
208,82,161,161,Intense
208,82,161,161,Intense
204,78,168,168,Intense
204,78,168,168,Intense
200,76,171,171,Intense
200,76,171,171,Intense
195,71,174,174,Intense
195,71,174,174,Intense
197,71,172,172,Intense
197,71,172,172,Intense
196,72,175,175,Intense
196,72,175,175,Intense
192,69,176,176,Intense
192,69,176,176,Intense
193,72,173,173,Intense
193,72,173,173,Intense
188,66,179,179,Intense
188,66,179,179,Intense
189,68,176,176,Intense
189,68,176,176,Intense
186,64,176,176,Intense
186,64,176,176,Intense
189,66,171,171,Intense
189,66,171,171,Intense
181,61,183,183,Intense
181,61,183,183,Intense
185,64,174,174,Intense
185,64,174,174,Intense
189,69,167,167,Intense
189,69,167,167,Intense
185,67,171,171,Intense
185,67,171,171,Intense
186,70,166,166,Intense
186,70,166,166,Intense
185,73,166,166,Intense
185,73,166,166,Intense
184,68,166,166,Intense
184,68,166,166,Intense
182,66,167,167,Intense
182,66,167,167,Intense
184,68,164,164,Intense
184,68,164,164,Intense
184,65,164,164,Intense
184,65,164,164,Intense
185,64,166,166,Intense
185,64,166,166,Intense
185,62,165,165,Intense
185,62,165,165,Intense
185,60,167,167,Intense
185,60,167,167,Intense
183,62,167,167,Intense
183,62,167,167,Intense
187,62,165,165,Intense
187,62,165,165,Intense
185,61,166,166,Intense
185,61,166,166,Intense
185,58,169,169,Intense
185,58,169,169,Intense
185,59,167,167,Intense
185,59,167,167,Intense
